town,page,page2,url,num,url_num
Aachen,1,0,https://visualcollections.ub.uni-mainz.de/histbuch/content/pageview/,454135,https://visualcollections.ub.uni-mainz.de/histbuch/content/pageview/454135
Aalen,4,0,https://visualcollections.ub.uni-mainz.de/histbuch/content/pageview/,454138,https://visualcollections.ub.uni-mainz.de/histbuch/content/pageview/454138
Ahlen,5,0,https://visualcollections.ub.uni-mainz.de/histbuch/content/pageview/,454139,https://visualcollections.ub.uni-mainz.de/histbuch/content/pageview/454139
Aken,5,0,https://visualcollections.ub.uni-mainz.de/histbuch/content/pageview/,454135,https://visualcollections.ub.uni-mainz.de/histbuch/content/pageview/454135
Albbruck,5,697,https://visualcollections.ub.uni-mainz.de/histbuch/content/pageview/,454139,https://visualcollections.ub.uni-mainz.de/histbuch/content/pageview/454139
Allendorf,6,0,https://visualcollections.ub.uni-mainz.de/histbuch/content/pageview/,454140,https://visualcollections.ub.uni-mainz.de/histbuch/content/pageview/454140
Allenstein,6,0,https://visualcollections.ub.uni-mainz.de/histbuch/content/pageview/,454135,https://visualcollections.ub.uni-mainz.de/histbuch/content/pageview/454135
Alsdorf,7,0,https://visualcollections.ub.uni-mainz.de/histbuch/content/pageview/,454141,https://visualcollections.ub.uni-mainz.de/histbuch/content/pageview/454141
Altdamm,8,0,https://visualcollections.ub.uni-mainz.de/histbuch/content/pageview/,454142,https://visualcollections.ub.uni-mainz.de/histbuch/content/pageview/454142
Altena,8,0,https://visualcollections.ub.uni-mainz.de/histbuch/content/pageview/,454135,https://visualcollections.ub.uni-mainz.de/histbuch/content/pageview/454135
Altenburg,10,0,https://visualcollections.ub.uni-mainz.de/histbuch/content/pageview/,454144,https://visualcollections.ub.uni-mainz.de/histbuch/content/pageview/454144
Altötting,10,0,https://visualcollections.ub.uni-mainz.de/histbuch/content/pageview/,454144,https://visualcollections.ub.uni-mainz.de/histbuch/content/pageview/454144
Amberg,10,0,https://visualcollections.ub.uni-mainz.de/histbuch/content/pageview/,454135,https://visualcollections.ub.uni-mainz.de/histbuch/content/pageview/454135
Ammendorf,11,0,https://visualcollections.ub.uni-mainz.de/histbuch/content/pageview/,454145,https://visualcollections.ub.uni-mainz.de/histbuch/content/pageview/454145
Andernach/Rhine,11,0,https://visualcollections.ub.uni-mainz.de/histbuch/content/pageview/,454145,https://visualcollections.ub.uni-mainz.de/histbuch/content/pageview/454145
Andreashütte,12,0,https://visualcollections.ub.uni-mainz.de/histbuch/content/pageview/,454135,https://visualcollections.ub.uni-mainz.de/histbuch/content/pageview/454135
Anklam,13,0,https://visualcollections.ub.uni-mainz.de/histbuch/content/pageview/,454147,https://visualcollections.ub.uni-mainz.de/histbuch/content/pageview/454147
Annaberg,13,0,https://visualcollections.ub.uni-mainz.de/histbuch/content/pageview/,454147,https://visualcollections.ub.uni-mainz.de/histbuch/content/pageview/454147
Annahütte,13,0,https://visualcollections.ub.uni-mainz.de/histbuch/content/pageview/,454135,https://visualcollections.ub.uni-mainz.de/histbuch/content/pageview/454135
Ansbach,14,0,https://visualcollections.ub.uni-mainz.de/histbuch/content/pageview/,454148,https://visualcollections.ub.uni-mainz.de/histbuch/content/pageview/454148
Arnsberg,14,0,https://visualcollections.ub.uni-mainz.de/histbuch/content/pageview/,454148,https://visualcollections.ub.uni-mainz.de/histbuch/content/pageview/454148
Arnstadt,15,0,https://visualcollections.ub.uni-mainz.de/histbuch/content/pageview/,454135,https://visualcollections.ub.uni-mainz.de/histbuch/content/pageview/454135
Aschaffenburg,15,0,https://visualcollections.ub.uni-mainz.de/histbuch/content/pageview/,454149,https://visualcollections.ub.uni-mainz.de/histbuch/content/pageview/454149
Aschersleben,18,0,https://visualcollections.ub.uni-mainz.de/histbuch/content/pageview/,454152,https://visualcollections.ub.uni-mainz.de/histbuch/content/pageview/454152
Aue,18,0,https://visualcollections.ub.uni-mainz.de/histbuch/content/pageview/,454152,https://visualcollections.ub.uni-mainz.de/histbuch/content/pageview/454152
Auerbach,20,0,https://visualcollections.ub.uni-mainz.de/histbuch/content/pageview/,454154,https://visualcollections.ub.uni-mainz.de/histbuch/content/pageview/454154
Augsburg,20,0,https://visualcollections.ub.uni-mainz.de/histbuch/content/pageview/,454154,https://visualcollections.ub.uni-mainz.de/histbuch/content/pageview/454154
Augustenthal,23,0,https://visualcollections.ub.uni-mainz.de/histbuch/content/pageview/,454135,https://visualcollections.ub.uni-mainz.de/histbuch/content/pageview/454135
Baden-Baden,24,0,https://visualcollections.ub.uni-mainz.de/histbuch/content/pageview/,454158,https://visualcollections.ub.uni-mainz.de/histbuch/content/pageview/454158
Bad-Godesberg,24,0,https://visualcollections.ub.uni-mainz.de/histbuch/content/pageview/,454158,https://visualcollections.ub.uni-mainz.de/histbuch/content/pageview/454158
Bad-Homburg,24,0,https://visualcollections.ub.uni-mainz.de/histbuch/content/pageview/,454158,https://visualcollections.ub.uni-mainz.de/histbuch/content/pageview/454158
Bad-Kreuznach,25,0,https://visualcollections.ub.uni-mainz.de/histbuch/content/pageview/,454159,https://visualcollections.ub.uni-mainz.de/histbuch/content/pageview/454159
Bad-Oeynhausen,25,0,https://visualcollections.ub.uni-mainz.de/histbuch/content/pageview/,454158,https://visualcollections.ub.uni-mainz.de/histbuch/content/pageview/454158
Bamberg,26,0,https://visualcollections.ub.uni-mainz.de/histbuch/content/pageview/,454159,https://visualcollections.ub.uni-mainz.de/histbuch/content/pageview/454159
Basdorf,26,0,https://visualcollections.ub.uni-mainz.de/histbuch/content/pageview/,454158,https://visualcollections.ub.uni-mainz.de/histbuch/content/pageview/454158
Bautzen,27,0,https://visualcollections.ub.uni-mainz.de/histbuch/content/pageview/,454159,https://visualcollections.ub.uni-mainz.de/histbuch/content/pageview/454159
Bayreuth,28,0,https://visualcollections.ub.uni-mainz.de/histbuch/content/pageview/,454159,https://visualcollections.ub.uni-mainz.de/histbuch/content/pageview/454159
Belgard,28,0,https://visualcollections.ub.uni-mainz.de/histbuch/content/pageview/,454158,https://visualcollections.ub.uni-mainz.de/histbuch/content/pageview/454158
Bensberg,29,0,https://visualcollections.ub.uni-mainz.de/histbuch/content/pageview/,454159,https://visualcollections.ub.uni-mainz.de/histbuch/content/pageview/454159
Bensheim,29,0,https://visualcollections.ub.uni-mainz.de/histbuch/content/pageview/,454158,https://visualcollections.ub.uni-mainz.de/histbuch/content/pageview/454158
Bergedorf,29,0,https://visualcollections.ub.uni-mainz.de/histbuch/content/pageview/,454158,https://visualcollections.ub.uni-mainz.de/histbuch/content/pageview/454158
Bergheim,50,0,https://visualcollections.ub.uni-mainz.de/histbuch/content/pageview/,454179,https://visualcollections.ub.uni-mainz.de/histbuch/content/pageview/454179
Bergisch-Gladbach,51,0,https://visualcollections.ub.uni-mainz.de/histbuch/content/pageview/,454159,https://visualcollections.ub.uni-mainz.de/histbuch/content/pageview/454159
Berlin,52,0,https://visualcollections.ub.uni-mainz.de/histbuch/content/pageview/,454159,https://visualcollections.ub.uni-mainz.de/histbuch/content/pageview/454159
Bernburg,59,0,https://visualcollections.ub.uni-mainz.de/histbuch/content/pageview/,454165,https://visualcollections.ub.uni-mainz.de/histbuch/content/pageview/454165
Betzdorf-Siegthal,60,0,https://visualcollections.ub.uni-mainz.de/histbuch/content/pageview/,454159,https://visualcollections.ub.uni-mainz.de/histbuch/content/pageview/454159
Beuel,60,0,https://visualcollections.ub.uni-mainz.de/histbuch/content/pageview/,454158,https://visualcollections.ub.uni-mainz.de/histbuch/content/pageview/454158
Beuthen,61,0,https://visualcollections.ub.uni-mainz.de/histbuch/content/pageview/,454159,https://visualcollections.ub.uni-mainz.de/histbuch/content/pageview/454159
Bielefeld,65,0,https://visualcollections.ub.uni-mainz.de/histbuch/content/pageview/,454162,https://visualcollections.ub.uni-mainz.de/histbuch/content/pageview/454162
Bingen,68,0,https://visualcollections.ub.uni-mainz.de/histbuch/content/pageview/,454161,https://visualcollections.ub.uni-mainz.de/histbuch/content/pageview/454161
Bitterfeld,69,0,https://visualcollections.ub.uni-mainz.de/histbuch/content/pageview/,454159,https://visualcollections.ub.uni-mainz.de/histbuch/content/pageview/454159
Blechhammer,75,0,https://visualcollections.ub.uni-mainz.de/histbuch/content/pageview/,454164,https://visualcollections.ub.uni-mainz.de/histbuch/content/pageview/454164
Bocholt,76,0,https://visualcollections.ub.uni-mainz.de/histbuch/content/pageview/,454159,https://visualcollections.ub.uni-mainz.de/histbuch/content/pageview/454159
Bochum,76,0,https://visualcollections.ub.uni-mainz.de/histbuch/content/pageview/,454158,https://visualcollections.ub.uni-mainz.de/histbuch/content/pageview/454158
Böblingen,84,0,https://visualcollections.ub.uni-mainz.de/histbuch/content/pageview/,454166,https://visualcollections.ub.uni-mainz.de/histbuch/content/pageview/454166
Bonn,85,0,https://visualcollections.ub.uni-mainz.de/histbuch/content/pageview/,454159,https://visualcollections.ub.uni-mainz.de/histbuch/content/pageview/454159
Bottrop,86,0,https://visualcollections.ub.uni-mainz.de/histbuch/content/pageview/,454159,https://visualcollections.ub.uni-mainz.de/histbuch/content/pageview/454159
Bous,87,0,https://visualcollections.ub.uni-mainz.de/histbuch/content/pageview/,454159,https://visualcollections.ub.uni-mainz.de/histbuch/content/pageview/454159
Brackwede,87,0,https://visualcollections.ub.uni-mainz.de/histbuch/content/pageview/,454158,https://visualcollections.ub.uni-mainz.de/histbuch/content/pageview/454158
Brandenburg,89,0,https://visualcollections.ub.uni-mainz.de/histbuch/content/pageview/,454160,https://visualcollections.ub.uni-mainz.de/histbuch/content/pageview/454160
Braubach,91,0,https://visualcollections.ub.uni-mainz.de/histbuch/content/pageview/,454160,https://visualcollections.ub.uni-mainz.de/histbuch/content/pageview/454160
Braunschweig,91,0,https://visualcollections.ub.uni-mainz.de/histbuch/content/pageview/,454158,https://visualcollections.ub.uni-mainz.de/histbuch/content/pageview/454158
Braunsberg,91,0,https://visualcollections.ub.uni-mainz.de/histbuch/content/pageview/,454158,https://visualcollections.ub.uni-mainz.de/histbuch/content/pageview/454158
Bremen,97,0,https://visualcollections.ub.uni-mainz.de/histbuch/content/pageview/,454164,https://visualcollections.ub.uni-mainz.de/histbuch/content/pageview/454164
Bremerhaven,103,0,https://visualcollections.ub.uni-mainz.de/histbuch/content/pageview/,454164,https://visualcollections.ub.uni-mainz.de/histbuch/content/pageview/454164
Breslau,105,0,https://visualcollections.ub.uni-mainz.de/histbuch/content/pageview/,454160,https://visualcollections.ub.uni-mainz.de/histbuch/content/pageview/454160
Bruchsal,112,0,https://visualcollections.ub.uni-mainz.de/histbuch/content/pageview/,454165,https://visualcollections.ub.uni-mainz.de/histbuch/content/pageview/454165
Brühl,112,0,https://visualcollections.ub.uni-mainz.de/histbuch/content/pageview/,454158,https://visualcollections.ub.uni-mainz.de/histbuch/content/pageview/454158
Bunzlau,113,0,https://visualcollections.ub.uni-mainz.de/histbuch/content/pageview/,454159,https://visualcollections.ub.uni-mainz.de/histbuch/content/pageview/454159
Burg,113,0,https://visualcollections.ub.uni-mainz.de/histbuch/content/pageview/,454158,https://visualcollections.ub.uni-mainz.de/histbuch/content/pageview/454158
Burghausen,114,0,https://visualcollections.ub.uni-mainz.de/histbuch/content/pageview/,454159,https://visualcollections.ub.uni-mainz.de/histbuch/content/pageview/454159
Burgstadt,114,0,https://visualcollections.ub.uni-mainz.de/histbuch/content/pageview/,454158,https://visualcollections.ub.uni-mainz.de/histbuch/content/pageview/454158
Castrop-Rauxel,115,0,https://visualcollections.ub.uni-mainz.de/histbuch/content/pageview/,454255,https://visualcollections.ub.uni-mainz.de/histbuch/content/pageview/454255
Celle,117,0,https://visualcollections.ub.uni-mainz.de/histbuch/content/pageview/,454257,https://visualcollections.ub.uni-mainz.de/histbuch/content/pageview/454257
Chemnitz,118,0,https://visualcollections.ub.uni-mainz.de/histbuch/content/pageview/,454256,https://visualcollections.ub.uni-mainz.de/histbuch/content/pageview/454256
Clausthal-Zellerfeld,124,0,https://visualcollections.ub.uni-mainz.de/histbuch/content/pageview/,454261,https://visualcollections.ub.uni-mainz.de/histbuch/content/pageview/454261
Coburg,124,0,https://visualcollections.ub.uni-mainz.de/histbuch/content/pageview/,454255,https://visualcollections.ub.uni-mainz.de/histbuch/content/pageview/454255
Coswig,124,0,https://visualcollections.ub.uni-mainz.de/histbuch/content/pageview/,454255,https://visualcollections.ub.uni-mainz.de/histbuch/content/pageview/454255
Costtig,125,0,https://visualcollections.ub.uni-mainz.de/histbuch/content/pageview/,454256,https://visualcollections.ub.uni-mainz.de/histbuch/content/pageview/454256
Cottbus,125,0,https://visualcollections.ub.uni-mainz.de/histbuch/content/pageview/,454255,https://visualcollections.ub.uni-mainz.de/histbuch/content/pageview/454255
Crimmitschau,126,0,https://visualcollections.ub.uni-mainz.de/histbuch/content/pageview/,454256,https://visualcollections.ub.uni-mainz.de/histbuch/content/pageview/454256
Cuxhaven,126,0,https://visualcollections.ub.uni-mainz.de/histbuch/content/pageview/,454255,https://visualcollections.ub.uni-mainz.de/histbuch/content/pageview/454255
Danzig,127,0,https://visualcollections.ub.uni-mainz.de/histbuch/content/pageview/,454267,https://visualcollections.ub.uni-mainz.de/histbuch/content/pageview/454267
Darmstadt,131,0,https://visualcollections.ub.uni-mainz.de/histbuch/content/pageview/,454271,https://visualcollections.ub.uni-mainz.de/histbuch/content/pageview/454271
Datteln,134,0,https://visualcollections.ub.uni-mainz.de/histbuch/content/pageview/,454270,https://visualcollections.ub.uni-mainz.de/histbuch/content/pageview/454270
Deggendorf,135,0,https://visualcollections.ub.uni-mainz.de/histbuch/content/pageview/,454268,https://visualcollections.ub.uni-mainz.de/histbuch/content/pageview/454268
Demmin,135,0,https://visualcollections.ub.uni-mainz.de/histbuch/content/pageview/,454267,https://visualcollections.ub.uni-mainz.de/histbuch/content/pageview/454267
Deschowitz,136,0,https://visualcollections.ub.uni-mainz.de/histbuch/content/pageview/,454268,https://visualcollections.ub.uni-mainz.de/histbuch/content/pageview/454268
Dessau,137,0,https://visualcollections.ub.uni-mainz.de/histbuch/content/pageview/,454268,https://visualcollections.ub.uni-mainz.de/histbuch/content/pageview/454268
Detmold,139,0,https://visualcollections.ub.uni-mainz.de/histbuch/content/pageview/,454269,https://visualcollections.ub.uni-mainz.de/histbuch/content/pageview/454269
Dillingen,139,0,https://visualcollections.ub.uni-mainz.de/histbuch/content/pageview/,454267,https://visualcollections.ub.uni-mainz.de/histbuch/content/pageview/454267
Dobeln,141,0,https://visualcollections.ub.uni-mainz.de/histbuch/content/pageview/,454269,https://visualcollections.ub.uni-mainz.de/histbuch/content/pageview/454269
Donauwörth,141,0,https://visualcollections.ub.uni-mainz.de/histbuch/content/pageview/,454267,https://visualcollections.ub.uni-mainz.de/histbuch/content/pageview/454267
Dülken,176,0,https://visualcollections.ub.uni-mainz.de/histbuch/content/pageview/,454302,https://visualcollections.ub.uni-mainz.de/histbuch/content/pageview/454302
Dormagen,141,0,https://visualcollections.ub.uni-mainz.de/histbuch/content/pageview/,454232,https://visualcollections.ub.uni-mainz.de/histbuch/content/pageview/454232
Dortmund,142,0,https://visualcollections.ub.uni-mainz.de/histbuch/content/pageview/,454268,https://visualcollections.ub.uni-mainz.de/histbuch/content/pageview/454268
Dreetz,154,0,https://visualcollections.ub.uni-mainz.de/histbuch/content/pageview/,454279,https://visualcollections.ub.uni-mainz.de/histbuch/content/pageview/454279
Dresden,154,0,https://visualcollections.ub.uni-mainz.de/histbuch/content/pageview/,454267,https://visualcollections.ub.uni-mainz.de/histbuch/content/pageview/454267
Dudweiler,155,0,https://visualcollections.ub.uni-mainz.de/histbuch/content/pageview/,454268,https://visualcollections.ub.uni-mainz.de/histbuch/content/pageview/454268
Duisburg,162,0,https://visualcollections.ub.uni-mainz.de/histbuch/content/pageview/,454274,https://visualcollections.ub.uni-mainz.de/histbuch/content/pageview/454274
Düneberg-Krümmel,177,0,https://visualcollections.ub.uni-mainz.de/histbuch/content/pageview/,454282,https://visualcollections.ub.uni-mainz.de/histbuch/content/pageview/454282
Düsseldorf,179,0,https://visualcollections.ub.uni-mainz.de/histbuch/content/pageview/,454269,https://visualcollections.ub.uni-mainz.de/histbuch/content/pageview/454269
Düren,176,0,https://visualcollections.ub.uni-mainz.de/histbuch/content/pageview/,454264,https://visualcollections.ub.uni-mainz.de/histbuch/content/pageview/454264
Eberswalde,193,0,https://visualcollections.ub.uni-mainz.de/histbuch/content/pageview/,454333,https://visualcollections.ub.uni-mainz.de/histbuch/content/pageview/454333
Ebingen,195,0,https://visualcollections.ub.uni-mainz.de/histbuch/content/pageview/,454335,https://visualcollections.ub.uni-mainz.de/histbuch/content/pageview/454335
Ehrang,195,0,https://visualcollections.ub.uni-mainz.de/histbuch/content/pageview/,454333,https://visualcollections.ub.uni-mainz.de/histbuch/content/pageview/454333
Eilenburg,196,0,https://visualcollections.ub.uni-mainz.de/histbuch/content/pageview/,454334,https://visualcollections.ub.uni-mainz.de/histbuch/content/pageview/454334
Eisenach,197,0,https://visualcollections.ub.uni-mainz.de/histbuch/content/pageview/,454334,https://visualcollections.ub.uni-mainz.de/histbuch/content/pageview/454334
Eisenberg,198,0,https://visualcollections.ub.uni-mainz.de/histbuch/content/pageview/,454334,https://visualcollections.ub.uni-mainz.de/histbuch/content/pageview/454334
Eisleben,198,0,https://visualcollections.ub.uni-mainz.de/histbuch/content/pageview/,454333,https://visualcollections.ub.uni-mainz.de/histbuch/content/pageview/454333
Elbing,199,0,https://visualcollections.ub.uni-mainz.de/histbuch/content/pageview/,454334,https://visualcollections.ub.uni-mainz.de/histbuch/content/pageview/454334
Elmshorn,200,0,https://visualcollections.ub.uni-mainz.de/histbuch/content/pageview/,454334,https://visualcollections.ub.uni-mainz.de/histbuch/content/pageview/454334
Emden,200,0,https://visualcollections.ub.uni-mainz.de/histbuch/content/pageview/,454333,https://visualcollections.ub.uni-mainz.de/histbuch/content/pageview/454333
Emmendingen,201,0,https://visualcollections.ub.uni-mainz.de/histbuch/content/pageview/,454334,https://visualcollections.ub.uni-mainz.de/histbuch/content/pageview/454334
Emmerich,202,0,https://visualcollections.ub.uni-mainz.de/histbuch/content/pageview/,454334,https://visualcollections.ub.uni-mainz.de/histbuch/content/pageview/454334
Emsdetten,202,0,https://visualcollections.ub.uni-mainz.de/histbuch/content/pageview/,454333,https://visualcollections.ub.uni-mainz.de/histbuch/content/pageview/454333
Erfurt,202,0,https://visualcollections.ub.uni-mainz.de/histbuch/content/pageview/,454333,https://visualcollections.ub.uni-mainz.de/histbuch/content/pageview/454333
Erlangen,204,0,https://visualcollections.ub.uni-mainz.de/histbuch/content/pageview/,454335,https://visualcollections.ub.uni-mainz.de/histbuch/content/pageview/454335
Eschwege,204,0,https://visualcollections.ub.uni-mainz.de/histbuch/content/pageview/,454333,https://visualcollections.ub.uni-mainz.de/histbuch/content/pageview/454333
Eschweiler,205,0,https://visualcollections.ub.uni-mainz.de/histbuch/content/pageview/,454334,https://visualcollections.ub.uni-mainz.de/histbuch/content/pageview/454334
Essen,207,0,https://visualcollections.ub.uni-mainz.de/histbuch/content/pageview/,454335,https://visualcollections.ub.uni-mainz.de/histbuch/content/pageview/454335
Euskirchen,218,0,https://visualcollections.ub.uni-mainz.de/histbuch/content/pageview/,454344,https://visualcollections.ub.uni-mainz.de/histbuch/content/pageview/454344
Falkensee,219,0,https://visualcollections.ub.uni-mainz.de/histbuch/content/pageview/,454359,https://visualcollections.ub.uni-mainz.de/histbuch/content/pageview/454359
Falkenstein,219,0,https://visualcollections.ub.uni-mainz.de/histbuch/content/pageview/,454359,https://visualcollections.ub.uni-mainz.de/histbuch/content/pageview/454359
Fallersleben,219,0,https://visualcollections.ub.uni-mainz.de/histbuch/content/pageview/,454359,https://visualcollections.ub.uni-mainz.de/histbuch/content/pageview/454359
Ferndorf,220,0,https://visualcollections.ub.uni-mainz.de/histbuch/content/pageview/,454360,https://visualcollections.ub.uni-mainz.de/histbuch/content/pageview/454360
Finkenheerd,221,0,https://visualcollections.ub.uni-mainz.de/histbuch/content/pageview/,454361,https://visualcollections.ub.uni-mainz.de/histbuch/content/pageview/454361
Finnentrop,221,0,https://visualcollections.ub.uni-mainz.de/histbuch/content/pageview/,454361,https://visualcollections.ub.uni-mainz.de/histbuch/content/pageview/454361
Finsterwalde,221,0,https://visualcollections.ub.uni-mainz.de/histbuch/content/pageview/,454361,https://visualcollections.ub.uni-mainz.de/histbuch/content/pageview/454361
Flensburg,225,0,https://visualcollections.ub.uni-mainz.de/histbuch/content/pageview/,454365,https://visualcollections.ub.uni-mainz.de/histbuch/content/pageview/454365
Forbach,224,0,https://visualcollections.ub.uni-mainz.de/histbuch/content/pageview/,454364,https://visualcollections.ub.uni-mainz.de/histbuch/content/pageview/454364
Forst,224,0,https://visualcollections.ub.uni-mainz.de/histbuch/content/pageview/,454364,https://visualcollections.ub.uni-mainz.de/histbuch/content/pageview/454364
Frankenberg,225,0,https://visualcollections.ub.uni-mainz.de/histbuch/content/pageview/,454365,https://visualcollections.ub.uni-mainz.de/histbuch/content/pageview/454365
Frankenthal,225,0,https://visualcollections.ub.uni-mainz.de/histbuch/content/pageview/,454365,https://visualcollections.ub.uni-mainz.de/histbuch/content/pageview/454365
Frankfort-am-Main,227,0,https://visualcollections.ub.uni-mainz.de/histbuch/content/pageview/,454367,https://visualcollections.ub.uni-mainz.de/histbuch/content/pageview/454367
Frankfort-Oder,245,0,https://visualcollections.ub.uni-mainz.de/histbuch/content/pageview/,454385,https://visualcollections.ub.uni-mainz.de/histbuch/content/pageview/454385
Frechen,244,0,https://visualcollections.ub.uni-mainz.de/histbuch/content/pageview/,454384,https://visualcollections.ub.uni-mainz.de/histbuch/content/pageview/454384
Freiberg,244,0,https://visualcollections.ub.uni-mainz.de/histbuch/content/pageview/,454384,https://visualcollections.ub.uni-mainz.de/histbuch/content/pageview/454384
Freiburg,244,0,https://visualcollections.ub.uni-mainz.de/histbuch/content/pageview/,454384,https://visualcollections.ub.uni-mainz.de/histbuch/content/pageview/454384
Freising,246,0,https://visualcollections.ub.uni-mainz.de/histbuch/content/pageview/,454386,https://visualcollections.ub.uni-mainz.de/histbuch/content/pageview/454386
Freital,246,0,https://visualcollections.ub.uni-mainz.de/histbuch/content/pageview/,454386,https://visualcollections.ub.uni-mainz.de/histbuch/content/pageview/454386
Freyburg,246,0,https://visualcollections.ub.uni-mainz.de/histbuch/content/pageview/,454386,https://visualcollections.ub.uni-mainz.de/histbuch/content/pageview/454386
Friedberg,247,0,https://visualcollections.ub.uni-mainz.de/histbuch/content/pageview/,454387,https://visualcollections.ub.uni-mainz.de/histbuch/content/pageview/454387
Friedrichsfeld,247,0,https://visualcollections.ub.uni-mainz.de/histbuch/content/pageview/,454387,https://visualcollections.ub.uni-mainz.de/histbuch/content/pageview/454387
Friedrichhafen,248,0,https://visualcollections.ub.uni-mainz.de/histbuch/content/pageview/,454388,https://visualcollections.ub.uni-mainz.de/histbuch/content/pageview/454388
Fulda,252,0,https://visualcollections.ub.uni-mainz.de/histbuch/content/pageview/,454392,https://visualcollections.ub.uni-mainz.de/histbuch/content/pageview/454392
Fürstenhagen,253,0,https://visualcollections.ub.uni-mainz.de/histbuch/content/pageview/,454393,https://visualcollections.ub.uni-mainz.de/histbuch/content/pageview/454393
Fürstenwalde,253,0,https://visualcollections.ub.uni-mainz.de/histbuch/content/pageview/,454393,https://visualcollections.ub.uni-mainz.de/histbuch/content/pageview/454393
Fürth,255,0,https://visualcollections.ub.uni-mainz.de/histbuch/content/pageview/,454395,https://visualcollections.ub.uni-mainz.de/histbuch/content/pageview/454395
Furtwangen,256,0,https://visualcollections.ub.uni-mainz.de/histbuch/content/pageview/,454396,https://visualcollections.ub.uni-mainz.de/histbuch/content/pageview/454396
Gaggenau,257,0,https://visualcollections.ub.uni-mainz.de/histbuch/content/pageview/,454397,https://visualcollections.ub.uni-mainz.de/histbuch/content/pageview/454397
Garmisch,257,0,https://visualcollections.ub.uni-mainz.de/histbuch/content/pageview/,454397,https://visualcollections.ub.uni-mainz.de/histbuch/content/pageview/454397
Geislingen,257,0,https://visualcollections.ub.uni-mainz.de/histbuch/content/pageview/,454397,https://visualcollections.ub.uni-mainz.de/histbuch/content/pageview/454397
Geisweid,258,0,https://visualcollections.ub.uni-mainz.de/histbuch/content/pageview/,454398,https://visualcollections.ub.uni-mainz.de/histbuch/content/pageview/454398
Gelsenkirchen,260,0,https://visualcollections.ub.uni-mainz.de/histbuch/content/pageview/,454400,https://visualcollections.ub.uni-mainz.de/histbuch/content/pageview/454400
Genshagen,267,0,https://visualcollections.ub.uni-mainz.de/histbuch/content/pageview/,454407,https://visualcollections.ub.uni-mainz.de/histbuch/content/pageview/454407
Genthin,267,0,https://visualcollections.ub.uni-mainz.de/histbuch/content/pageview/,454407,https://visualcollections.ub.uni-mainz.de/histbuch/content/pageview/454407
Gera,268,0,https://visualcollections.ub.uni-mainz.de/histbuch/content/pageview/,454408,https://visualcollections.ub.uni-mainz.de/histbuch/content/pageview/454408
Giessen,271,0,https://visualcollections.ub.uni-mainz.de/histbuch/content/pageview/,454411,https://visualcollections.ub.uni-mainz.de/histbuch/content/pageview/454411
Gladbeck,271,0,https://visualcollections.ub.uni-mainz.de/histbuch/content/pageview/,454411,https://visualcollections.ub.uni-mainz.de/histbuch/content/pageview/454411
Glatz,272,0,https://visualcollections.ub.uni-mainz.de/histbuch/content/pageview/,454412,https://visualcollections.ub.uni-mainz.de/histbuch/content/pageview/454412
Glauchau,272,0,https://visualcollections.ub.uni-mainz.de/histbuch/content/pageview/,454412,https://visualcollections.ub.uni-mainz.de/histbuch/content/pageview/454412
Gleiwitz,272,0,https://visualcollections.ub.uni-mainz.de/histbuch/content/pageview/,454412,https://visualcollections.ub.uni-mainz.de/histbuch/content/pageview/454412
Glogau,276,0,https://visualcollections.ub.uni-mainz.de/histbuch/content/pageview/,454416,https://visualcollections.ub.uni-mainz.de/histbuch/content/pageview/454416
Göppingen,276,0,https://visualcollections.ub.uni-mainz.de/histbuch/content/pageview/,454416,https://visualcollections.ub.uni-mainz.de/histbuch/content/pageview/454416
Görlitz,278,0,https://visualcollections.ub.uni-mainz.de/histbuch/content/pageview/,454418,https://visualcollections.ub.uni-mainz.de/histbuch/content/pageview/454418
Goslar,279,0,https://visualcollections.ub.uni-mainz.de/histbuch/content/pageview/,454419,https://visualcollections.ub.uni-mainz.de/histbuch/content/pageview/454419
Gotha,281,0,https://visualcollections.ub.uni-mainz.de/histbuch/content/pageview/,454421,https://visualcollections.ub.uni-mainz.de/histbuch/content/pageview/454421
Göttingen,284,0,https://visualcollections.ub.uni-mainz.de/histbuch/content/pageview/,454424,https://visualcollections.ub.uni-mainz.de/histbuch/content/pageview/454424
Greiffenberg,285,0,https://visualcollections.ub.uni-mainz.de/histbuch/content/pageview/,454425,https://visualcollections.ub.uni-mainz.de/histbuch/content/pageview/454425
Greifswald,285,0,https://visualcollections.ub.uni-mainz.de/histbuch/content/pageview/,454425,https://visualcollections.ub.uni-mainz.de/histbuch/content/pageview/454425
Greiz,286,0,https://visualcollections.ub.uni-mainz.de/histbuch/content/pageview/,454426,https://visualcollections.ub.uni-mainz.de/histbuch/content/pageview/454426
Grevenbroich,287,0,https://visualcollections.ub.uni-mainz.de/histbuch/content/pageview/,454427,https://visualcollections.ub.uni-mainz.de/histbuch/content/pageview/454427
Gronau,287,0,https://visualcollections.ub.uni-mainz.de/histbuch/content/pageview/,454427,https://visualcollections.ub.uni-mainz.de/histbuch/content/pageview/454427
Grünberg,288,0,https://visualcollections.ub.uni-mainz.de/histbuch/content/pageview/,454428,https://visualcollections.ub.uni-mainz.de/histbuch/content/pageview/454428
Guben,289,0,https://visualcollections.ub.uni-mainz.de/histbuch/content/pageview/,454429,https://visualcollections.ub.uni-mainz.de/histbuch/content/pageview/454429
Gumbinnen,289,0,https://visualcollections.ub.uni-mainz.de/histbuch/content/pageview/,454429,https://visualcollections.ub.uni-mainz.de/histbuch/content/pageview/454429
Gummersbach,290,0,https://visualcollections.ub.uni-mainz.de/histbuch/content/pageview/,454430,https://visualcollections.ub.uni-mainz.de/histbuch/content/pageview/454430
Güstrow,291,0,https://visualcollections.ub.uni-mainz.de/histbuch/content/pageview/,454431,https://visualcollections.ub.uni-mainz.de/histbuch/content/pageview/454431
Gütersloh,291,0,https://visualcollections.ub.uni-mainz.de/histbuch/content/pageview/,454431,https://visualcollections.ub.uni-mainz.de/histbuch/content/pageview/454431
Hainichen,298,0,https://visualcollections.ub.uni-mainz.de/histbuch/content/pageview/,454438,https://visualcollections.ub.uni-mainz.de/histbuch/content/pageview/454438
Halberstadt,298,0,https://visualcollections.ub.uni-mainz.de/histbuch/content/pageview/,454438,https://visualcollections.ub.uni-mainz.de/histbuch/content/pageview/454438
Hagen,292,0,https://visualcollections.ub.uni-mainz.de/histbuch/content/pageview/,454432,https://visualcollections.ub.uni-mainz.de/histbuch/content/pageview/454432
Halle,299,0,https://visualcollections.ub.uni-mainz.de/histbuch/content/pageview/,454439,https://visualcollections.ub.uni-mainz.de/histbuch/content/pageview/454439
Hamm,329,0,https://visualcollections.ub.uni-mainz.de/histbuch/content/pageview/,454469,https://visualcollections.ub.uni-mainz.de/histbuch/content/pageview/454469
Hamburg,303,0,https://visualcollections.ub.uni-mainz.de/histbuch/content/pageview/,454443,https://visualcollections.ub.uni-mainz.de/histbuch/content/pageview/454443
Hameln,328,0,https://visualcollections.ub.uni-mainz.de/histbuch/content/pageview/,454468,https://visualcollections.ub.uni-mainz.de/histbuch/content/pageview/454468
Hanau,331,0,https://visualcollections.ub.uni-mainz.de/histbuch/content/pageview/,454471,https://visualcollections.ub.uni-mainz.de/histbuch/content/pageview/454471
Hannover,334,0,https://visualcollections.ub.uni-mainz.de/histbuch/content/pageview/,454474,https://visualcollections.ub.uni-mainz.de/histbuch/content/pageview/454474
Heidelberg,343,0,https://visualcollections.ub.uni-mainz.de/histbuch/content/pageview/,454483,https://visualcollections.ub.uni-mainz.de/histbuch/content/pageview/454483
Heidenau,344,0,https://visualcollections.ub.uni-mainz.de/histbuch/content/pageview/,454484,https://visualcollections.ub.uni-mainz.de/histbuch/content/pageview/454484
Heidenheim,344,0,https://visualcollections.ub.uni-mainz.de/histbuch/content/pageview/,454484,https://visualcollections.ub.uni-mainz.de/histbuch/content/pageview/454484
Heilbronn,345,0,https://visualcollections.ub.uni-mainz.de/histbuch/content/pageview/,454485,https://visualcollections.ub.uni-mainz.de/histbuch/content/pageview/454485
Helmstedt,348,0,https://visualcollections.ub.uni-mainz.de/histbuch/content/pageview/,454488,https://visualcollections.ub.uni-mainz.de/histbuch/content/pageview/454488
Herborn,350,0,https://visualcollections.ub.uni-mainz.de/histbuch/content/pageview/,454490,https://visualcollections.ub.uni-mainz.de/histbuch/content/pageview/454490
Herford,351,0,https://visualcollections.ub.uni-mainz.de/histbuch/content/pageview/,454491,https://visualcollections.ub.uni-mainz.de/histbuch/content/pageview/454491
Herne,352,0,https://visualcollections.ub.uni-mainz.de/histbuch/content/pageview/,454492,https://visualcollections.ub.uni-mainz.de/histbuch/content/pageview/454492
Hersfeld,354,0,https://visualcollections.ub.uni-mainz.de/histbuch/content/pageview/,454494,https://visualcollections.ub.uni-mainz.de/histbuch/content/pageview/454494
Heydebreck,355,0,https://visualcollections.ub.uni-mainz.de/histbuch/content/pageview/,454495,https://visualcollections.ub.uni-mainz.de/histbuch/content/pageview/454495
Hilden,355,0,https://visualcollections.ub.uni-mainz.de/histbuch/content/pageview/,454495,https://visualcollections.ub.uni-mainz.de/histbuch/content/pageview/454495
Hildesheim,355,0,https://visualcollections.ub.uni-mainz.de/histbuch/content/pageview/,454495,https://visualcollections.ub.uni-mainz.de/histbuch/content/pageview/454495
Hindenburg,357,0,https://visualcollections.ub.uni-mainz.de/histbuch/content/pageview/,454497,https://visualcollections.ub.uni-mainz.de/histbuch/content/pageview/454497
Hirschberg,360,0,https://visualcollections.ub.uni-mainz.de/histbuch/content/pageview/,454500,https://visualcollections.ub.uni-mainz.de/histbuch/content/pageview/454500
Hof,361,0,https://visualcollections.ub.uni-mainz.de/histbuch/content/pageview/,454501,https://visualcollections.ub.uni-mainz.de/histbuch/content/pageview/454501
Hohenstein-Ernstthal,362,0,https://visualcollections.ub.uni-mainz.de/histbuch/content/pageview/,454502,https://visualcollections.ub.uni-mainz.de/histbuch/content/pageview/454502
Homberg,363,0,https://visualcollections.ub.uni-mainz.de/histbuch/content/pageview/,454503,https://visualcollections.ub.uni-mainz.de/histbuch/content/pageview/454503
Homburg,364,0,https://visualcollections.ub.uni-mainz.de/histbuch/content/pageview/,454504,https://visualcollections.ub.uni-mainz.de/histbuch/content/pageview/454504
Hoppecke,364,0,https://visualcollections.ub.uni-mainz.de/histbuch/content/pageview/,454504,https://visualcollections.ub.uni-mainz.de/histbuch/content/pageview/454504
Hörselgau,365,0,https://visualcollections.ub.uni-mainz.de/histbuch/content/pageview/,454505,https://visualcollections.ub.uni-mainz.de/histbuch/content/pageview/454505
Höxter,365,0,https://visualcollections.ub.uni-mainz.de/histbuch/content/pageview/,454505,https://visualcollections.ub.uni-mainz.de/histbuch/content/pageview/454505
Ibbenbüren,366,0,https://visualcollections.ub.uni-mainz.de/histbuch/content/pageview/,454506,https://visualcollections.ub.uni-mainz.de/histbuch/content/pageview/454506
Idar-Oberstein,366,0,https://visualcollections.ub.uni-mainz.de/histbuch/content/pageview/,454506,https://visualcollections.ub.uni-mainz.de/histbuch/content/pageview/454506
Ilmenau,367,0,https://visualcollections.ub.uni-mainz.de/histbuch/content/pageview/,454507,https://visualcollections.ub.uni-mainz.de/histbuch/content/pageview/454507
Ilsenburg,367,0,https://visualcollections.ub.uni-mainz.de/histbuch/content/pageview/,454507,https://visualcollections.ub.uni-mainz.de/histbuch/content/pageview/454507
Ingoldstadt,368,0,https://visualcollections.ub.uni-mainz.de/histbuch/content/pageview/,454508,https://visualcollections.ub.uni-mainz.de/histbuch/content/pageview/454508
Insterburg,368,0,https://visualcollections.ub.uni-mainz.de/histbuch/content/pageview/,454508,https://visualcollections.ub.uni-mainz.de/histbuch/content/pageview/454508
Iserlohn,369,0,https://visualcollections.ub.uni-mainz.de/histbuch/content/pageview/,454509,https://visualcollections.ub.uni-mainz.de/histbuch/content/pageview/454509
Itzehoe,370,0,https://visualcollections.ub.uni-mainz.de/histbuch/content/pageview/,454510,https://visualcollections.ub.uni-mainz.de/histbuch/content/pageview/454510
Jauer,371,0,https://visualcollections.ub.uni-mainz.de/histbuch/content/pageview/,454511,https://visualcollections.ub.uni-mainz.de/histbuch/content/pageview/454511
Jena,371,0,https://visualcollections.ub.uni-mainz.de/histbuch/content/pageview/,454511,https://visualcollections.ub.uni-mainz.de/histbuch/content/pageview/454511
Kachlet,374,0,https://visualcollections.ub.uni-mainz.de/histbuch/content/pageview/,454514,https://visualcollections.ub.uni-mainz.de/histbuch/content/pageview/454514
Kaiserslautern,374,0,https://visualcollections.ub.uni-mainz.de/histbuch/content/pageview/,454514,https://visualcollections.ub.uni-mainz.de/histbuch/content/pageview/454514
Kamp-Lintfort,376,0,https://visualcollections.ub.uni-mainz.de/histbuch/content/pageview/,454516,https://visualcollections.ub.uni-mainz.de/histbuch/content/pageview/454516
Karlsruhe,377,0,https://visualcollections.ub.uni-mainz.de/histbuch/content/pageview/,454517,https://visualcollections.ub.uni-mainz.de/histbuch/content/pageview/454517
Kassel,381,0,https://visualcollections.ub.uni-mainz.de/histbuch/content/pageview/,454521,https://visualcollections.ub.uni-mainz.de/histbuch/content/pageview/454521
Kehl,385,0,https://visualcollections.ub.uni-mainz.de/histbuch/content/pageview/,454525,https://visualcollections.ub.uni-mainz.de/histbuch/content/pageview/454525
Kempten,386,0,https://visualcollections.ub.uni-mainz.de/histbuch/content/pageview/,454526,https://visualcollections.ub.uni-mainz.de/histbuch/content/pageview/454526
Kiel,387,0,https://visualcollections.ub.uni-mainz.de/histbuch/content/pageview/,454527,https://visualcollections.ub.uni-mainz.de/histbuch/content/pageview/454527
Kleve,393,0,https://visualcollections.ub.uni-mainz.de/histbuch/content/pageview/,454533,https://visualcollections.ub.uni-mainz.de/histbuch/content/pageview/454533
Koblenz,393,0,https://visualcollections.ub.uni-mainz.de/histbuch/content/pageview/,454533,https://visualcollections.ub.uni-mainz.de/histbuch/content/pageview/454533
Kohlfurt,394,0,https://visualcollections.ub.uni-mainz.de/histbuch/content/pageview/,454534,https://visualcollections.ub.uni-mainz.de/histbuch/content/pageview/454534
Kolberg,394,0,https://visualcollections.ub.uni-mainz.de/histbuch/content/pageview/,454534,https://visualcollections.ub.uni-mainz.de/histbuch/content/pageview/454534
Köln-am-Rhein,396,0,https://visualcollections.ub.uni-mainz.de/histbuch/content/pageview/,454536,https://visualcollections.ub.uni-mainz.de/histbuch/content/pageview/454536
Klausthal,124,0,https://visualcollections.ub.uni-mainz.de/histbuch/content/pageview/,454264,https://visualcollections.ub.uni-mainz.de/histbuch/content/pageview/454264
Königsberg,408,0,https://visualcollections.ub.uni-mainz.de/histbuch/content/pageview/,454548,https://visualcollections.ub.uni-mainz.de/histbuch/content/pageview/454548
Königshuld,412,0,https://visualcollections.ub.uni-mainz.de/histbuch/content/pageview/,454552,https://visualcollections.ub.uni-mainz.de/histbuch/content/pageview/454552
Konstanz,413,0,https://visualcollections.ub.uni-mainz.de/histbuch/content/pageview/,454553,https://visualcollections.ub.uni-mainz.de/histbuch/content/pageview/454553
Kornwestheim,413,0,https://visualcollections.ub.uni-mainz.de/histbuch/content/pageview/,454553,https://visualcollections.ub.uni-mainz.de/histbuch/content/pageview/454553
Kosel,414,0,https://visualcollections.ub.uni-mainz.de/histbuch/content/pageview/,454554,https://visualcollections.ub.uni-mainz.de/histbuch/content/pageview/454554
Köslin,415,0,https://visualcollections.ub.uni-mainz.de/histbuch/content/pageview/,454555,https://visualcollections.ub.uni-mainz.de/histbuch/content/pageview/454555
Köthen,416,0,https://visualcollections.ub.uni-mainz.de/histbuch/content/pageview/,454556,https://visualcollections.ub.uni-mainz.de/histbuch/content/pageview/454556
Krefeld,417,0,https://visualcollections.ub.uni-mainz.de/histbuch/content/pageview/,454557,https://visualcollections.ub.uni-mainz.de/histbuch/content/pageview/454557
Kruppamühle,419,0,https://visualcollections.ub.uni-mainz.de/histbuch/content/pageview/,454559,https://visualcollections.ub.uni-mainz.de/histbuch/content/pageview/454559
Küstrin,420,0,https://visualcollections.ub.uni-mainz.de/histbuch/content/pageview/,454560,https://visualcollections.ub.uni-mainz.de/histbuch/content/pageview/454560
Lahr,422,0,https://visualcollections.ub.uni-mainz.de/histbuch/content/pageview/,454581,https://visualcollections.ub.uni-mainz.de/histbuch/content/pageview/454581
Landau,422,0,https://visualcollections.ub.uni-mainz.de/histbuch/content/pageview/,454581,https://visualcollections.ub.uni-mainz.de/histbuch/content/pageview/454581
Landsberg,422,0,https://visualcollections.ub.uni-mainz.de/histbuch/content/pageview/,454581,https://visualcollections.ub.uni-mainz.de/histbuch/content/pageview/454581
Landshut,423,0,https://visualcollections.ub.uni-mainz.de/histbuch/content/pageview/,454582,https://visualcollections.ub.uni-mainz.de/histbuch/content/pageview/454582
Langeribiela,423,0,https://visualcollections.ub.uni-mainz.de/histbuch/content/pageview/,454582,https://visualcollections.ub.uni-mainz.de/histbuch/content/pageview/454582
Langenfeld,424,0,https://visualcollections.ub.uni-mainz.de/histbuch/content/pageview/,454583,https://visualcollections.ub.uni-mainz.de/histbuch/content/pageview/454583
Lauban,424,0,https://visualcollections.ub.uni-mainz.de/histbuch/content/pageview/,454583,https://visualcollections.ub.uni-mainz.de/histbuch/content/pageview/454583
Laucherthal,627,0,https://visualcollections.ub.uni-mainz.de/histbuch/content/pageview/,454786,https://visualcollections.ub.uni-mainz.de/histbuch/content/pageview/454786
Lauenberg,425,0,https://visualcollections.ub.uni-mainz.de/histbuch/content/pageview/,454584,https://visualcollections.ub.uni-mainz.de/histbuch/content/pageview/454584
Lauta,425,0,https://visualcollections.ub.uni-mainz.de/histbuch/content/pageview/,454584,https://visualcollections.ub.uni-mainz.de/histbuch/content/pageview/454584
Lechfeld,426,0,https://visualcollections.ub.uni-mainz.de/histbuch/content/pageview/,454585,https://visualcollections.ub.uni-mainz.de/histbuch/content/pageview/454585
Lehrte,427,0,https://visualcollections.ub.uni-mainz.de/histbuch/content/pageview/,454586,https://visualcollections.ub.uni-mainz.de/histbuch/content/pageview/454586
Leipzig,428,0,https://visualcollections.ub.uni-mainz.de/histbuch/content/pageview/,454587,https://visualcollections.ub.uni-mainz.de/histbuch/content/pageview/454587
Leipheim,683,0,https://visualcollections.ub.uni-mainz.de/histbuch/content/pageview/,454842,https://visualcollections.ub.uni-mainz.de/histbuch/content/pageview/454842
Letmathe,438,0,https://visualcollections.ub.uni-mainz.de/histbuch/content/pageview/,454597,https://visualcollections.ub.uni-mainz.de/histbuch/content/pageview/454597
Leverkusen,439,0,https://visualcollections.ub.uni-mainz.de/histbuch/content/pageview/,454598,https://visualcollections.ub.uni-mainz.de/histbuch/content/pageview/454598
Liegnitz,441,0,https://visualcollections.ub.uni-mainz.de/histbuch/content/pageview/,454600,https://visualcollections.ub.uni-mainz.de/histbuch/content/pageview/454600
Limbach,442,0,https://visualcollections.ub.uni-mainz.de/histbuch/content/pageview/,454601,https://visualcollections.ub.uni-mainz.de/histbuch/content/pageview/454601
Limburg,443,0,https://visualcollections.ub.uni-mainz.de/histbuch/content/pageview/,454602,https://visualcollections.ub.uni-mainz.de/histbuch/content/pageview/454602
Lindau,443,0,https://visualcollections.ub.uni-mainz.de/histbuch/content/pageview/,454602,https://visualcollections.ub.uni-mainz.de/histbuch/content/pageview/454602
Lippstadt,443,0,https://visualcollections.ub.uni-mainz.de/histbuch/content/pageview/,454602,https://visualcollections.ub.uni-mainz.de/histbuch/content/pageview/454602
Löbau,444,0,https://visualcollections.ub.uni-mainz.de/histbuch/content/pageview/,454603,https://visualcollections.ub.uni-mainz.de/histbuch/content/pageview/454603
Lörrach,444,0,https://visualcollections.ub.uni-mainz.de/histbuch/content/pageview/,454603,https://visualcollections.ub.uni-mainz.de/histbuch/content/pageview/454603
Lübeck,445,0,https://visualcollections.ub.uni-mainz.de/histbuch/content/pageview/,454604,https://visualcollections.ub.uni-mainz.de/histbuch/content/pageview/454604
Luckenwalde,449,0,https://visualcollections.ub.uni-mainz.de/histbuch/content/pageview/,454608,https://visualcollections.ub.uni-mainz.de/histbuch/content/pageview/454608
Lüdenscheid,449,0,https://visualcollections.ub.uni-mainz.de/histbuch/content/pageview/,454608,https://visualcollections.ub.uni-mainz.de/histbuch/content/pageview/454608
Ludwigsburg,450,0,https://visualcollections.ub.uni-mainz.de/histbuch/content/pageview/,454609,https://visualcollections.ub.uni-mainz.de/histbuch/content/pageview/454609
Ludwigshafen,450,0,https://visualcollections.ub.uni-mainz.de/histbuch/content/pageview/,454609,https://visualcollections.ub.uni-mainz.de/histbuch/content/pageview/454609
Lüneburg,451,0,https://visualcollections.ub.uni-mainz.de/histbuch/content/pageview/,454610,https://visualcollections.ub.uni-mainz.de/histbuch/content/pageview/454610
Lunow,451,0,https://visualcollections.ub.uni-mainz.de/histbuch/content/pageview/,454610,https://visualcollections.ub.uni-mainz.de/histbuch/content/pageview/454610
Lyck,452,0,https://visualcollections.ub.uni-mainz.de/histbuch/content/pageview/,454611,https://visualcollections.ub.uni-mainz.de/histbuch/content/pageview/454611
Lüttringhausen,570,0,https://visualcollections.ub.uni-mainz.de/histbuch/content/pageview/,454729,https://visualcollections.ub.uni-mainz.de/histbuch/content/pageview/454729
Magdeburg,453,0,https://visualcollections.ub.uni-mainz.de/histbuch/content/pageview/,454612,https://visualcollections.ub.uni-mainz.de/histbuch/content/pageview/454612
Mainz,459,0,https://visualcollections.ub.uni-mainz.de/histbuch/content/pageview/,454618,https://visualcollections.ub.uni-mainz.de/histbuch/content/pageview/454618
Malapane,461,0,https://visualcollections.ub.uni-mainz.de/histbuch/content/pageview/,454620,https://visualcollections.ub.uni-mainz.de/histbuch/content/pageview/454620
Malchin,462,0,https://visualcollections.ub.uni-mainz.de/histbuch/content/pageview/,454621,https://visualcollections.ub.uni-mainz.de/histbuch/content/pageview/454621
Malchow,462,0,https://visualcollections.ub.uni-mainz.de/histbuch/content/pageview/,454621,https://visualcollections.ub.uni-mainz.de/histbuch/content/pageview/454621
Mannheim,463,0,https://visualcollections.ub.uni-mainz.de/histbuch/content/pageview/,454622,https://visualcollections.ub.uni-mainz.de/histbuch/content/pageview/454622
Mansfeld,198,0,https://visualcollections.ub.uni-mainz.de/histbuch/content/pageview/,454357,https://visualcollections.ub.uni-mainz.de/histbuch/content/pageview/454357
Marburg,472,0,https://visualcollections.ub.uni-mainz.de/histbuch/content/pageview/,454631,https://visualcollections.ub.uni-mainz.de/histbuch/content/pageview/454631
Marienburg,472,0,https://visualcollections.ub.uni-mainz.de/histbuch/content/pageview/,454631,https://visualcollections.ub.uni-mainz.de/histbuch/content/pageview/454631
Marl,473,0,https://visualcollections.ub.uni-mainz.de/histbuch/content/pageview/,454632,https://visualcollections.ub.uni-mainz.de/histbuch/content/pageview/454632
Mayen,474,0,https://visualcollections.ub.uni-mainz.de/histbuch/content/pageview/,454633,https://visualcollections.ub.uni-mainz.de/histbuch/content/pageview/454633
Mechernich,474,0,https://visualcollections.ub.uni-mainz.de/histbuch/content/pageview/,454633,https://visualcollections.ub.uni-mainz.de/histbuch/content/pageview/454633
Meerane,475,0,https://visualcollections.ub.uni-mainz.de/histbuch/content/pageview/,454634,https://visualcollections.ub.uni-mainz.de/histbuch/content/pageview/454634
Meiningen,475,0,https://visualcollections.ub.uni-mainz.de/histbuch/content/pageview/,454634,https://visualcollections.ub.uni-mainz.de/histbuch/content/pageview/454634
Meissen,476,0,https://visualcollections.ub.uni-mainz.de/histbuch/content/pageview/,454635,https://visualcollections.ub.uni-mainz.de/histbuch/content/pageview/454635
Melle,476,0,https://visualcollections.ub.uni-mainz.de/histbuch/content/pageview/,454635,https://visualcollections.ub.uni-mainz.de/histbuch/content/pageview/454635
Memmingen,477,0,https://visualcollections.ub.uni-mainz.de/histbuch/content/pageview/,454636,https://visualcollections.ub.uni-mainz.de/histbuch/content/pageview/454636
Menden,477,0,https://visualcollections.ub.uni-mainz.de/histbuch/content/pageview/,454636,https://visualcollections.ub.uni-mainz.de/histbuch/content/pageview/454636
Merseburg,477,0,https://visualcollections.ub.uni-mainz.de/histbuch/content/pageview/,454636,https://visualcollections.ub.uni-mainz.de/histbuch/content/pageview/454636
Mettmann,478,0,https://visualcollections.ub.uni-mainz.de/histbuch/content/pageview/,454637,https://visualcollections.ub.uni-mainz.de/histbuch/content/pageview/454637
Meuselwitz,479,0,https://visualcollections.ub.uni-mainz.de/histbuch/content/pageview/,454638,https://visualcollections.ub.uni-mainz.de/histbuch/content/pageview/454638
Minden,479,0,https://visualcollections.ub.uni-mainz.de/histbuch/content/pageview/,454638,https://visualcollections.ub.uni-mainz.de/histbuch/content/pageview/454638
Mittweida,480,0,https://visualcollections.ub.uni-mainz.de/histbuch/content/pageview/,454639,https://visualcollections.ub.uni-mainz.de/histbuch/content/pageview/454639
Moers,480,0,https://visualcollections.ub.uni-mainz.de/histbuch/content/pageview/,454639,https://visualcollections.ub.uni-mainz.de/histbuch/content/pageview/454639
Mosbach,481,0,https://visualcollections.ub.uni-mainz.de/histbuch/content/pageview/,454640,https://visualcollections.ub.uni-mainz.de/histbuch/content/pageview/454640
Möhldorf,482,0,https://visualcollections.ub.uni-mainz.de/histbuch/content/pageview/,454641,https://visualcollections.ub.uni-mainz.de/histbuch/content/pageview/454641
Mühlhausen,483,0,https://visualcollections.ub.uni-mainz.de/histbuch/content/pageview/,454642,https://visualcollections.ub.uni-mainz.de/histbuch/content/pageview/454642
Mühlheim,486,0,https://visualcollections.ub.uni-mainz.de/histbuch/content/pageview/,454645,https://visualcollections.ub.uni-mainz.de/histbuch/content/pageview/454645
Mühlheim/Ruhr,484,0,https://visualcollections.ub.uni-mainz.de/histbuch/content/pageview/,454643,https://visualcollections.ub.uni-mainz.de/histbuch/content/pageview/454643
München,487,0,https://visualcollections.ub.uni-mainz.de/histbuch/content/pageview/,454646,https://visualcollections.ub.uni-mainz.de/histbuch/content/pageview/454646
München/Gladbach,497,0,https://visualcollections.ub.uni-mainz.de/histbuch/content/pageview/,454656,https://visualcollections.ub.uni-mainz.de/histbuch/content/pageview/454656
Münster,498,0,https://visualcollections.ub.uni-mainz.de/histbuch/content/pageview/,454657,https://visualcollections.ub.uni-mainz.de/histbuch/content/pageview/454657
Naumburg,499,0,https://visualcollections.ub.uni-mainz.de/histbuch/content/pageview/,454658,https://visualcollections.ub.uni-mainz.de/histbuch/content/pageview/454658
Neckarsulm,345,0,https://visualcollections.ub.uni-mainz.de/histbuch/content/pageview/,454504,https://visualcollections.ub.uni-mainz.de/histbuch/content/pageview/454504
Neheim,499,0,https://visualcollections.ub.uni-mainz.de/histbuch/content/pageview/,454658,https://visualcollections.ub.uni-mainz.de/histbuch/content/pageview/454658
Neisse,499,0,https://visualcollections.ub.uni-mainz.de/histbuch/content/pageview/,454658,https://visualcollections.ub.uni-mainz.de/histbuch/content/pageview/454658
Neubrandenburg,500,0,https://visualcollections.ub.uni-mainz.de/histbuch/content/pageview/,454659,https://visualcollections.ub.uni-mainz.de/histbuch/content/pageview/454659
Neu-Isenburg,500,0,https://visualcollections.ub.uni-mainz.de/histbuch/content/pageview/,454659,https://visualcollections.ub.uni-mainz.de/histbuch/content/pageview/454659
Neumünster,501,0,https://visualcollections.ub.uni-mainz.de/histbuch/content/pageview/,454660,https://visualcollections.ub.uni-mainz.de/histbuch/content/pageview/454660
Neunkirchen,501,0,https://visualcollections.ub.uni-mainz.de/histbuch/content/pageview/,454660,https://visualcollections.ub.uni-mainz.de/histbuch/content/pageview/454660
Neuruppin,503,0,https://visualcollections.ub.uni-mainz.de/histbuch/content/pageview/,454662,https://visualcollections.ub.uni-mainz.de/histbuch/content/pageview/454662
Neusalz,503,0,https://visualcollections.ub.uni-mainz.de/histbuch/content/pageview/,454662,https://visualcollections.ub.uni-mainz.de/histbuch/content/pageview/454662
Neuss,504,0,https://visualcollections.ub.uni-mainz.de/histbuch/content/pageview/,454663,https://visualcollections.ub.uni-mainz.de/histbuch/content/pageview/454663
Neustadt,508,0,https://visualcollections.ub.uni-mainz.de/histbuch/content/pageview/,454667,https://visualcollections.ub.uni-mainz.de/histbuch/content/pageview/454667
Neustadt-Clewe,508,0,https://visualcollections.ub.uni-mainz.de/histbuch/content/pageview/,454667,https://visualcollections.ub.uni-mainz.de/histbuch/content/pageview/454667
Neustettin,508,0,https://visualcollections.ub.uni-mainz.de/histbuch/content/pageview/,454667,https://visualcollections.ub.uni-mainz.de/histbuch/content/pageview/454667
Neustrelitz,508,0,https://visualcollections.ub.uni-mainz.de/histbuch/content/pageview/,454667,https://visualcollections.ub.uni-mainz.de/histbuch/content/pageview/454667
Neuwied,509,0,https://visualcollections.ub.uni-mainz.de/histbuch/content/pageview/,454668,https://visualcollections.ub.uni-mainz.de/histbuch/content/pageview/454668
Niedermarsberg,509,0,https://visualcollections.ub.uni-mainz.de/histbuch/content/pageview/,454668,https://visualcollections.ub.uni-mainz.de/histbuch/content/pageview/454668
Nienburg,509,0,https://visualcollections.ub.uni-mainz.de/histbuch/content/pageview/,454668,https://visualcollections.ub.uni-mainz.de/histbuch/content/pageview/454668
Niesky,510,0,https://visualcollections.ub.uni-mainz.de/histbuch/content/pageview/,454669,https://visualcollections.ub.uni-mainz.de/histbuch/content/pageview/454669
Nordenham,510,0,https://visualcollections.ub.uni-mainz.de/histbuch/content/pageview/,454669,https://visualcollections.ub.uni-mainz.de/histbuch/content/pageview/454669
Nordhausen,511,0,https://visualcollections.ub.uni-mainz.de/histbuch/content/pageview/,454670,https://visualcollections.ub.uni-mainz.de/histbuch/content/pageview/454670
Nordhorn,513,0,https://visualcollections.ub.uni-mainz.de/histbuch/content/pageview/,454672,https://visualcollections.ub.uni-mainz.de/histbuch/content/pageview/454672
Nurnberg,514,0,https://visualcollections.ub.uni-mainz.de/histbuch/content/pageview/,454673,https://visualcollections.ub.uni-mainz.de/histbuch/content/pageview/454673
Oberhausen,521,0,https://visualcollections.ub.uni-mainz.de/histbuch/content/pageview/,454680,https://visualcollections.ub.uni-mainz.de/histbuch/content/pageview/454680
Obernburg/Main,526,0,https://visualcollections.ub.uni-mainz.de/histbuch/content/pageview/,454685,https://visualcollections.ub.uni-mainz.de/histbuch/content/pageview/454685
Oberndorf,526,0,https://visualcollections.ub.uni-mainz.de/histbuch/content/pageview/,454685,https://visualcollections.ub.uni-mainz.de/histbuch/content/pageview/454685
Obernkirchen,527,0,https://visualcollections.ub.uni-mainz.de/histbuch/content/pageview/,454686,https://visualcollections.ub.uni-mainz.de/histbuch/content/pageview/454686
Oberscheld,527,0,https://visualcollections.ub.uni-mainz.de/histbuch/content/pageview/,454686,https://visualcollections.ub.uni-mainz.de/histbuch/content/pageview/454686
Oberursel,528,0,https://visualcollections.ub.uni-mainz.de/histbuch/content/pageview/,454687,https://visualcollections.ub.uni-mainz.de/histbuch/content/pageview/454687
Oels,528,0,https://visualcollections.ub.uni-mainz.de/histbuch/content/pageview/,454687,https://visualcollections.ub.uni-mainz.de/histbuch/content/pageview/454687
Oelsnitz,529,0,https://visualcollections.ub.uni-mainz.de/histbuch/content/pageview/,454688,https://visualcollections.ub.uni-mainz.de/histbuch/content/pageview/454688
Oestrich,529,0,https://visualcollections.ub.uni-mainz.de/histbuch/content/pageview/,454688,https://visualcollections.ub.uni-mainz.de/histbuch/content/pageview/454688
Offenbach-on-Main,529,0,https://visualcollections.ub.uni-mainz.de/histbuch/content/pageview/,454688,https://visualcollections.ub.uni-mainz.de/histbuch/content/pageview/454688
Offenburg,534,0,https://visualcollections.ub.uni-mainz.de/histbuch/content/pageview/,454693,https://visualcollections.ub.uni-mainz.de/histbuch/content/pageview/454693
Oldenburg,534,0,https://visualcollections.ub.uni-mainz.de/histbuch/content/pageview/,454693,https://visualcollections.ub.uni-mainz.de/histbuch/content/pageview/454693
Opladen,535,0,https://visualcollections.ub.uni-mainz.de/histbuch/content/pageview/,454694,https://visualcollections.ub.uni-mainz.de/histbuch/content/pageview/454694
Oppau,463,0,https://visualcollections.ub.uni-mainz.de/histbuch/content/pageview/,454622,https://visualcollections.ub.uni-mainz.de/histbuch/content/pageview/454622
Oppeln,536,0,https://visualcollections.ub.uni-mainz.de/histbuch/content/pageview/,454695,https://visualcollections.ub.uni-mainz.de/histbuch/content/pageview/454695
Oranienburg,32,0,https://visualcollections.ub.uni-mainz.de/histbuch/content/pageview/,454191,https://visualcollections.ub.uni-mainz.de/histbuch/content/pageview/454191
Ortelsburg,537,0,https://visualcollections.ub.uni-mainz.de/histbuch/content/pageview/,454696,https://visualcollections.ub.uni-mainz.de/histbuch/content/pageview/454696
Oschersleben,537,0,https://visualcollections.ub.uni-mainz.de/histbuch/content/pageview/,454696,https://visualcollections.ub.uni-mainz.de/histbuch/content/pageview/454696
Osternienburg,541,0,https://visualcollections.ub.uni-mainz.de/histbuch/content/pageview/,454700,https://visualcollections.ub.uni-mainz.de/histbuch/content/pageview/454700
Osnabrück,538,0,https://visualcollections.ub.uni-mainz.de/histbuch/content/pageview/,454697,https://visualcollections.ub.uni-mainz.de/histbuch/content/pageview/454697
Osterode,542,0,https://visualcollections.ub.uni-mainz.de/histbuch/content/pageview/,454701,https://visualcollections.ub.uni-mainz.de/histbuch/content/pageview/454701
Paderborn,543,0,https://visualcollections.ub.uni-mainz.de/histbuch/content/pageview/,454702,https://visualcollections.ub.uni-mainz.de/histbuch/content/pageview/454702
Parchim,543,0,https://visualcollections.ub.uni-mainz.de/histbuch/content/pageview/,454702,https://visualcollections.ub.uni-mainz.de/histbuch/content/pageview/454702
Passau,544,0,https://visualcollections.ub.uni-mainz.de/histbuch/content/pageview/,454703,https://visualcollections.ub.uni-mainz.de/histbuch/content/pageview/454703
Peine,544,0,https://visualcollections.ub.uni-mainz.de/histbuch/content/pageview/,454703,https://visualcollections.ub.uni-mainz.de/histbuch/content/pageview/454703
Peiskretscham,545,0,https://visualcollections.ub.uni-mainz.de/histbuch/content/pageview/,454704,https://visualcollections.ub.uni-mainz.de/histbuch/content/pageview/454704
Petersdorf,545,0,https://visualcollections.ub.uni-mainz.de/histbuch/content/pageview/,454704,https://visualcollections.ub.uni-mainz.de/histbuch/content/pageview/454704
Pforzheim,546,0,https://visualcollections.ub.uni-mainz.de/histbuch/content/pageview/,454705,https://visualcollections.ub.uni-mainz.de/histbuch/content/pageview/454705
Piesteritz,548,0,https://visualcollections.ub.uni-mainz.de/histbuch/content/pageview/,454707,https://visualcollections.ub.uni-mainz.de/histbuch/content/pageview/454707
Pillau,549,0,https://visualcollections.ub.uni-mainz.de/histbuch/content/pageview/,454708,https://visualcollections.ub.uni-mainz.de/histbuch/content/pageview/454708
Pinneberg,550,0,https://visualcollections.ub.uni-mainz.de/histbuch/content/pageview/,454709,https://visualcollections.ub.uni-mainz.de/histbuch/content/pageview/454709
Pirmasens,550,0,https://visualcollections.ub.uni-mainz.de/histbuch/content/pageview/,454709,https://visualcollections.ub.uni-mainz.de/histbuch/content/pageview/454709
Pirna,551,0,https://visualcollections.ub.uni-mainz.de/histbuch/content/pageview/,454710,https://visualcollections.ub.uni-mainz.de/histbuch/content/pageview/454710
Planitz,551,0,https://visualcollections.ub.uni-mainz.de/histbuch/content/pageview/,454710,https://visualcollections.ub.uni-mainz.de/histbuch/content/pageview/454710
Plauen,552,0,https://visualcollections.ub.uni-mainz.de/histbuch/content/pageview/,454711,https://visualcollections.ub.uni-mainz.de/histbuch/content/pageview/454711
Plettenburg,553,0,https://visualcollections.ub.uni-mainz.de/histbuch/content/pageview/,454712,https://visualcollections.ub.uni-mainz.de/histbuch/content/pageview/454712
Porz,396,0,https://visualcollections.ub.uni-mainz.de/histbuch/content/pageview/,454555,https://visualcollections.ub.uni-mainz.de/histbuch/content/pageview/454555
Pössneck,553,0,https://visualcollections.ub.uni-mainz.de/histbuch/content/pageview/,454712,https://visualcollections.ub.uni-mainz.de/histbuch/content/pageview/454712
Potsdam,554,0,https://visualcollections.ub.uni-mainz.de/histbuch/content/pageview/,454713,https://visualcollections.ub.uni-mainz.de/histbuch/content/pageview/454713
Premnitz,554,0,https://visualcollections.ub.uni-mainz.de/histbuch/content/pageview/,454713,https://visualcollections.ub.uni-mainz.de/histbuch/content/pageview/454713
Prenzlau,555,0,https://visualcollections.ub.uni-mainz.de/histbuch/content/pageview/,454714,https://visualcollections.ub.uni-mainz.de/histbuch/content/pageview/454714
Quedlinburg,556,0,https://visualcollections.ub.uni-mainz.de/histbuch/content/pageview/,454715,https://visualcollections.ub.uni-mainz.de/histbuch/content/pageview/454715
Radeberg,557,0,https://visualcollections.ub.uni-mainz.de/histbuch/content/pageview/,454716,https://visualcollections.ub.uni-mainz.de/histbuch/content/pageview/454716
Radebeul,557,0,https://visualcollections.ub.uni-mainz.de/histbuch/content/pageview/,454716,https://visualcollections.ub.uni-mainz.de/histbuch/content/pageview/454716
Ragnit,671,0,https://visualcollections.ub.uni-mainz.de/histbuch/content/pageview/,454830,https://visualcollections.ub.uni-mainz.de/histbuch/content/pageview/454830
Rastatt,559,0,https://visualcollections.ub.uni-mainz.de/histbuch/content/pageview/,454718,https://visualcollections.ub.uni-mainz.de/histbuch/content/pageview/454718
Rastenburg,559,0,https://visualcollections.ub.uni-mainz.de/histbuch/content/pageview/,454718,https://visualcollections.ub.uni-mainz.de/histbuch/content/pageview/454718
Rathenow,560,0,https://visualcollections.ub.uni-mainz.de/histbuch/content/pageview/,454719,https://visualcollections.ub.uni-mainz.de/histbuch/content/pageview/454719
Ratibor,561,0,https://visualcollections.ub.uni-mainz.de/histbuch/content/pageview/,454720,https://visualcollections.ub.uni-mainz.de/histbuch/content/pageview/454720
Ravensburg,562,0,https://visualcollections.ub.uni-mainz.de/histbuch/content/pageview/,454721,https://visualcollections.ub.uni-mainz.de/histbuch/content/pageview/454721
Recklinghausen,562,0,https://visualcollections.ub.uni-mainz.de/histbuch/content/pageview/,454721,https://visualcollections.ub.uni-mainz.de/histbuch/content/pageview/454721
Ratingen,179,0,https://visualcollections.ub.uni-mainz.de/histbuch/content/pageview/,454338,https://visualcollections.ub.uni-mainz.de/histbuch/content/pageview/454338
Regensburg,566,0,https://visualcollections.ub.uni-mainz.de/histbuch/content/pageview/,454725,https://visualcollections.ub.uni-mainz.de/histbuch/content/pageview/454725
Reichenbach,569,0,https://visualcollections.ub.uni-mainz.de/histbuch/content/pageview/,454728,https://visualcollections.ub.uni-mainz.de/histbuch/content/pageview/454728
Reichenbach,569,0,https://visualcollections.ub.uni-mainz.de/histbuch/content/pageview/,454728,https://visualcollections.ub.uni-mainz.de/histbuch/content/pageview/454728
Reigersfeld,75,0,https://visualcollections.ub.uni-mainz.de/histbuch/content/pageview/,454234,https://visualcollections.ub.uni-mainz.de/histbuch/content/pageview/454234
Remscheid,570,,https://visualcollections.ub.uni-mainz.de/histbuch/content/pageview/,454729,https://visualcollections.ub.uni-mainz.de/histbuch/content/pageview/454729
Reinsdorf,672,0,https://visualcollections.ub.uni-mainz.de/histbuch/content/pageview/,454831,https://visualcollections.ub.uni-mainz.de/histbuch/content/pageview/454831
Rendsburg,574,0,https://visualcollections.ub.uni-mainz.de/histbuch/content/pageview/,454733,https://visualcollections.ub.uni-mainz.de/histbuch/content/pageview/454733
Repeln-Baerl,575,0,https://visualcollections.ub.uni-mainz.de/histbuch/content/pageview/,454734,https://visualcollections.ub.uni-mainz.de/histbuch/content/pageview/454734
Reutlingen,575,0,https://visualcollections.ub.uni-mainz.de/histbuch/content/pageview/,454734,https://visualcollections.ub.uni-mainz.de/histbuch/content/pageview/454734
Rheine,575,0,https://visualcollections.ub.uni-mainz.de/histbuch/content/pageview/,454734,https://visualcollections.ub.uni-mainz.de/histbuch/content/pageview/454734
Rheinfelden,576,0,https://visualcollections.ub.uni-mainz.de/histbuch/content/pageview/,454735,https://visualcollections.ub.uni-mainz.de/histbuch/content/pageview/454735
Rheydt,578,0,https://visualcollections.ub.uni-mainz.de/histbuch/content/pageview/,454737,https://visualcollections.ub.uni-mainz.de/histbuch/content/pageview/454737
Riesa,579,0,https://visualcollections.ub.uni-mainz.de/histbuch/content/pageview/,454738,https://visualcollections.ub.uni-mainz.de/histbuch/content/pageview/454738
Ronneburg,580,0,https://visualcollections.ub.uni-mainz.de/histbuch/content/pageview/,454739,https://visualcollections.ub.uni-mainz.de/histbuch/content/pageview/454739
Rosenheim,581,0,https://visualcollections.ub.uni-mainz.de/histbuch/content/pageview/,454740,https://visualcollections.ub.uni-mainz.de/histbuch/content/pageview/454740
Rosswein,582,0,https://visualcollections.ub.uni-mainz.de/histbuch/content/pageview/,454741,https://visualcollections.ub.uni-mainz.de/histbuch/content/pageview/454741
Rostock,582,0,https://visualcollections.ub.uni-mainz.de/histbuch/content/pageview/,454741,https://visualcollections.ub.uni-mainz.de/histbuch/content/pageview/454741
Rottweil,586,0,https://visualcollections.ub.uni-mainz.de/histbuch/content/pageview/,454745,https://visualcollections.ub.uni-mainz.de/histbuch/content/pageview/454745
Rudolstadt,586,0,https://visualcollections.ub.uni-mainz.de/histbuch/content/pageview/,454745,https://visualcollections.ub.uni-mainz.de/histbuch/content/pageview/454745
Ruhla,587,0,https://visualcollections.ub.uni-mainz.de/histbuch/content/pageview/,454746,https://visualcollections.ub.uni-mainz.de/histbuch/content/pageview/454746
Rummenohl,589,0,https://visualcollections.ub.uni-mainz.de/histbuch/content/pageview/,454748,https://visualcollections.ub.uni-mainz.de/histbuch/content/pageview/454748
Rüsselsheim,589,0,https://visualcollections.ub.uni-mainz.de/histbuch/content/pageview/,454748,https://visualcollections.ub.uni-mainz.de/histbuch/content/pageview/454748
Ruhr,588,0,https://visualcollections.ub.uni-mainz.de/histbuch/content/pageview/,454747,https://visualcollections.ub.uni-mainz.de/histbuch/content/pageview/454747
Ruhlandr-Schwarzheide,619,0,https://visualcollections.ub.uni-mainz.de/histbuch/content/pageview/,454778,https://visualcollections.ub.uni-mainz.de/histbuch/content/pageview/454778
Saalfeld,591,0,https://visualcollections.ub.uni-mainz.de/histbuch/content/pageview/,454750,https://visualcollections.ub.uni-mainz.de/histbuch/content/pageview/454750
Saarbrücken,592,0,https://visualcollections.ub.uni-mainz.de/histbuch/content/pageview/,454751,https://visualcollections.ub.uni-mainz.de/histbuch/content/pageview/454751
Saarlautern,597,0,https://visualcollections.ub.uni-mainz.de/histbuch/content/pageview/,454756,https://visualcollections.ub.uni-mainz.de/histbuch/content/pageview/454756
Sagan,598,0,https://visualcollections.ub.uni-mainz.de/histbuch/content/pageview/,454757,https://visualcollections.ub.uni-mainz.de/histbuch/content/pageview/454757
Salzgitter,599,0,https://visualcollections.ub.uni-mainz.de/histbuch/content/pageview/,454758,https://visualcollections.ub.uni-mainz.de/histbuch/content/pageview/454758
Salzwedel,600,0,https://visualcollections.ub.uni-mainz.de/histbuch/content/pageview/,454759,https://visualcollections.ub.uni-mainz.de/histbuch/content/pageview/454759
Sangerhausen,600,0,https://visualcollections.ub.uni-mainz.de/histbuch/content/pageview/,454759,https://visualcollections.ub.uni-mainz.de/histbuch/content/pageview/454759
Schkeuditz,602,0,https://visualcollections.ub.uni-mainz.de/histbuch/content/pageview/,454761,https://visualcollections.ub.uni-mainz.de/histbuch/content/pageview/454761
Schkopau,602,0,https://visualcollections.ub.uni-mainz.de/histbuch/content/pageview/,454761,https://visualcollections.ub.uni-mainz.de/histbuch/content/pageview/454761
Schlebusch,603,0,https://visualcollections.ub.uni-mainz.de/histbuch/content/pageview/,454762,https://visualcollections.ub.uni-mainz.de/histbuch/content/pageview/454762
Schleswig,604,0,https://visualcollections.ub.uni-mainz.de/histbuch/content/pageview/,454763,https://visualcollections.ub.uni-mainz.de/histbuch/content/pageview/454763
Schönebeck,605,0,https://visualcollections.ub.uni-mainz.de/histbuch/content/pageview/,454764,https://visualcollections.ub.uni-mainz.de/histbuch/content/pageview/454764
Schramberg,607,0,https://visualcollections.ub.uni-mainz.de/histbuch/content/pageview/,454766,https://visualcollections.ub.uni-mainz.de/histbuch/content/pageview/454766
Schluchsee,603,0,https://visualcollections.ub.uni-mainz.de/histbuch/content/pageview/,454762,https://visualcollections.ub.uni-mainz.de/histbuch/content/pageview/454762
Schneidemühl,604,0,https://visualcollections.ub.uni-mainz.de/histbuch/content/pageview/,454763,https://visualcollections.ub.uni-mainz.de/histbuch/content/pageview/454763
Schöningen,606,0,https://visualcollections.ub.uni-mainz.de/histbuch/content/pageview/,454765,https://visualcollections.ub.uni-mainz.de/histbuch/content/pageview/454765
Schwabach,609,0,https://visualcollections.ub.uni-mainz.de/histbuch/content/pageview/,454768,https://visualcollections.ub.uni-mainz.de/histbuch/content/pageview/454768
Schwäbisch-Gmünd,609,0,https://visualcollections.ub.uni-mainz.de/histbuch/content/pageview/,454768,https://visualcollections.ub.uni-mainz.de/histbuch/content/pageview/454768
Schwäbisch-Hall,610,0,https://visualcollections.ub.uni-mainz.de/histbuch/content/pageview/,454769,https://visualcollections.ub.uni-mainz.de/histbuch/content/pageview/454769
Schwandorf,610,0,https://visualcollections.ub.uni-mainz.de/histbuch/content/pageview/,454769,https://visualcollections.ub.uni-mainz.de/histbuch/content/pageview/454769
Schweidnitz,611,0,https://visualcollections.ub.uni-mainz.de/histbuch/content/pageview/,454770,https://visualcollections.ub.uni-mainz.de/histbuch/content/pageview/454770
Schweinfurt,612,0,https://visualcollections.ub.uni-mainz.de/histbuch/content/pageview/,454771,https://visualcollections.ub.uni-mainz.de/histbuch/content/pageview/454771
Schwelm,615,0,https://visualcollections.ub.uni-mainz.de/histbuch/content/pageview/,454774,https://visualcollections.ub.uni-mainz.de/histbuch/content/pageview/454774
Schwenningen,616,0,https://visualcollections.ub.uni-mainz.de/histbuch/content/pageview/,454775,https://visualcollections.ub.uni-mainz.de/histbuch/content/pageview/454775
Schwerin,617,0,https://visualcollections.ub.uni-mainz.de/histbuch/content/pageview/,454776,https://visualcollections.ub.uni-mainz.de/histbuch/content/pageview/454776
Schwerte,618,0,https://visualcollections.ub.uni-mainz.de/histbuch/content/pageview/,454777,https://visualcollections.ub.uni-mainz.de/histbuch/content/pageview/454777
Senftenberg,619,0,https://visualcollections.ub.uni-mainz.de/histbuch/content/pageview/,454778,https://visualcollections.ub.uni-mainz.de/histbuch/content/pageview/454778
Siegburg,622,0,https://visualcollections.ub.uni-mainz.de/histbuch/content/pageview/,454781,https://visualcollections.ub.uni-mainz.de/histbuch/content/pageview/454781
Siegen,623,0,https://visualcollections.ub.uni-mainz.de/histbuch/content/pageview/,454782,https://visualcollections.ub.uni-mainz.de/histbuch/content/pageview/454782
Siegmar-Schönau,118,627,https://visualcollections.ub.uni-mainz.de/histbuch/content/pageview/,454277,https://visualcollections.ub.uni-mainz.de/histbuch/content/pageview/454277
Sigmaringen,627,0,https://visualcollections.ub.uni-mainz.de/histbuch/content/pageview/,454786,https://visualcollections.ub.uni-mainz.de/histbuch/content/pageview/454786
Sindelfingen,627,0,https://visualcollections.ub.uni-mainz.de/histbuch/content/pageview/,454786,https://visualcollections.ub.uni-mainz.de/histbuch/content/pageview/454786
Singen,628,0,https://visualcollections.ub.uni-mainz.de/histbuch/content/pageview/,454787,https://visualcollections.ub.uni-mainz.de/histbuch/content/pageview/454787
Soest,630,0,https://visualcollections.ub.uni-mainz.de/histbuch/content/pageview/,454789,https://visualcollections.ub.uni-mainz.de/histbuch/content/pageview/454789
Solingen,632,0,https://visualcollections.ub.uni-mainz.de/histbuch/content/pageview/,454791,https://visualcollections.ub.uni-mainz.de/histbuch/content/pageview/454791
Sommerfeld,636,0,https://visualcollections.ub.uni-mainz.de/histbuch/content/pageview/,454795,https://visualcollections.ub.uni-mainz.de/histbuch/content/pageview/454795
Sömmerda,636,0,https://visualcollections.ub.uni-mainz.de/histbuch/content/pageview/,454795,https://visualcollections.ub.uni-mainz.de/histbuch/content/pageview/454795
Sonneberg,637,0,https://visualcollections.ub.uni-mainz.de/histbuch/content/pageview/,454796,https://visualcollections.ub.uni-mainz.de/histbuch/content/pageview/454796
Sonneburg,637,0,https://visualcollections.ub.uni-mainz.de/histbuch/content/pageview/,454796,https://visualcollections.ub.uni-mainz.de/histbuch/content/pageview/454796
Sorau,638,0,https://visualcollections.ub.uni-mainz.de/histbuch/content/pageview/,454797,https://visualcollections.ub.uni-mainz.de/histbuch/content/pageview/454797
Speyer,639,0,https://visualcollections.ub.uni-mainz.de/histbuch/content/pageview/,454798,https://visualcollections.ub.uni-mainz.de/histbuch/content/pageview/454798
Spremberg,639,0,https://visualcollections.ub.uni-mainz.de/histbuch/content/pageview/,454798,https://visualcollections.ub.uni-mainz.de/histbuch/content/pageview/454798
Stade,641,0,https://visualcollections.ub.uni-mainz.de/histbuch/content/pageview/,454800,https://visualcollections.ub.uni-mainz.de/histbuch/content/pageview/454800
Stadeln,641,0,https://visualcollections.ub.uni-mainz.de/histbuch/content/pageview/,454800,https://visualcollections.ub.uni-mainz.de/histbuch/content/pageview/454800
Stargard,642,0,https://visualcollections.ub.uni-mainz.de/histbuch/content/pageview/,454801,https://visualcollections.ub.uni-mainz.de/histbuch/content/pageview/454801
Stassfurt,643,0,https://visualcollections.ub.uni-mainz.de/histbuch/content/pageview/,454802,https://visualcollections.ub.uni-mainz.de/histbuch/content/pageview/454802
Stendal,644,0,https://visualcollections.ub.uni-mainz.de/histbuch/content/pageview/,454803,https://visualcollections.ub.uni-mainz.de/histbuch/content/pageview/454803
Stettin,645,0,https://visualcollections.ub.uni-mainz.de/histbuch/content/pageview/,454804,https://visualcollections.ub.uni-mainz.de/histbuch/content/pageview/454804
Stockstadt,652,0,https://visualcollections.ub.uni-mainz.de/histbuch/content/pageview/,454811,https://visualcollections.ub.uni-mainz.de/histbuch/content/pageview/454811
Stolberg,653,0,https://visualcollections.ub.uni-mainz.de/histbuch/content/pageview/,454812,https://visualcollections.ub.uni-mainz.de/histbuch/content/pageview/454812
Stolp,655,0,https://visualcollections.ub.uni-mainz.de/histbuch/content/pageview/,454814,https://visualcollections.ub.uni-mainz.de/histbuch/content/pageview/454814
Stralsund,655,0,https://visualcollections.ub.uni-mainz.de/histbuch/content/pageview/,454814,https://visualcollections.ub.uni-mainz.de/histbuch/content/pageview/454814
Straubing,656,0,https://visualcollections.ub.uni-mainz.de/histbuch/content/pageview/,454815,https://visualcollections.ub.uni-mainz.de/histbuch/content/pageview/454815
Striegau,656,0,https://visualcollections.ub.uni-mainz.de/histbuch/content/pageview/,454815,https://visualcollections.ub.uni-mainz.de/histbuch/content/pageview/454815
Stuttgart,657,0,https://visualcollections.ub.uni-mainz.de/histbuch/content/pageview/,454816,https://visualcollections.ub.uni-mainz.de/histbuch/content/pageview/454816
Suhl,667,0,https://visualcollections.ub.uni-mainz.de/histbuch/content/pageview/,454826,https://visualcollections.ub.uni-mainz.de/histbuch/content/pageview/454826
Swinemünde,669,0,https://visualcollections.ub.uni-mainz.de/histbuch/content/pageview/,454828,https://visualcollections.ub.uni-mainz.de/histbuch/content/pageview/454828
Tabarz,701,0,https://visualcollections.ub.uni-mainz.de/histbuch/content/pageview/,454831,https://visualcollections.ub.uni-mainz.de/histbuch/content/pageview/454831
Teichwolframsdorf,670,0,https://visualcollections.ub.uni-mainz.de/histbuch/content/pageview/,454800,https://visualcollections.ub.uni-mainz.de/histbuch/content/pageview/454800
Teningen,670,0,https://visualcollections.ub.uni-mainz.de/histbuch/content/pageview/,454800,https://visualcollections.ub.uni-mainz.de/histbuch/content/pageview/454800
Thale,670,0,https://visualcollections.ub.uni-mainz.de/histbuch/content/pageview/,454800,https://visualcollections.ub.uni-mainz.de/histbuch/content/pageview/454800
Tilsit,671,0,https://visualcollections.ub.uni-mainz.de/histbuch/content/pageview/,454801,https://visualcollections.ub.uni-mainz.de/histbuch/content/pageview/454801
Todtnau,672,0,https://visualcollections.ub.uni-mainz.de/histbuch/content/pageview/,454802,https://visualcollections.ub.uni-mainz.de/histbuch/content/pageview/454802
Torgau,672,0,https://visualcollections.ub.uni-mainz.de/histbuch/content/pageview/,454802,https://visualcollections.ub.uni-mainz.de/histbuch/content/pageview/454802
Trebbin,673,0,https://visualcollections.ub.uni-mainz.de/histbuch/content/pageview/,454803,https://visualcollections.ub.uni-mainz.de/histbuch/content/pageview/454803
Trier,673,0,https://visualcollections.ub.uni-mainz.de/histbuch/content/pageview/,454803,https://visualcollections.ub.uni-mainz.de/histbuch/content/pageview/454803
Trostberg,674,0,https://visualcollections.ub.uni-mainz.de/histbuch/content/pageview/,454804,https://visualcollections.ub.uni-mainz.de/histbuch/content/pageview/454804
Tübingen,675,0,https://visualcollections.ub.uni-mainz.de/histbuch/content/pageview/,454805,https://visualcollections.ub.uni-mainz.de/histbuch/content/pageview/454805
Tuttlingen,676,0,https://visualcollections.ub.uni-mainz.de/histbuch/content/pageview/,454806,https://visualcollections.ub.uni-mainz.de/histbuch/content/pageview/454806
Tutow,676,0,https://visualcollections.ub.uni-mainz.de/histbuch/content/pageview/,454806,https://visualcollections.ub.uni-mainz.de/histbuch/content/pageview/454806
Ueckermünde,678,0,https://visualcollections.ub.uni-mainz.de/histbuch/content/pageview/,454839,https://visualcollections.ub.uni-mainz.de/histbuch/content/pageview/454839
Uelzen,678,0,https://visualcollections.ub.uni-mainz.de/histbuch/content/pageview/,454839,https://visualcollections.ub.uni-mainz.de/histbuch/content/pageview/454839
Uerdingen/Rhine,679,0,https://visualcollections.ub.uni-mainz.de/histbuch/content/pageview/,454840,https://visualcollections.ub.uni-mainz.de/histbuch/content/pageview/454840
Ulm,683,0,https://visualcollections.ub.uni-mainz.de/histbuch/content/pageview/,454844,https://visualcollections.ub.uni-mainz.de/histbuch/content/pageview/454844
Unna,687,0,https://visualcollections.ub.uni-mainz.de/histbuch/content/pageview/,454848,https://visualcollections.ub.uni-mainz.de/histbuch/content/pageview/454848
Vacha,688,0,https://visualcollections.ub.uni-mainz.de/histbuch/content/pageview/,454849,https://visualcollections.ub.uni-mainz.de/histbuch/content/pageview/454849
Varel,688,0,https://visualcollections.ub.uni-mainz.de/histbuch/content/pageview/,454849,https://visualcollections.ub.uni-mainz.de/histbuch/content/pageview/454849
Velbert,688,0,https://visualcollections.ub.uni-mainz.de/histbuch/content/pageview/,454849,https://visualcollections.ub.uni-mainz.de/histbuch/content/pageview/454849
Velten,690,0,https://visualcollections.ub.uni-mainz.de/histbuch/content/pageview/,454851,https://visualcollections.ub.uni-mainz.de/histbuch/content/pageview/454851
Viersen,691,0,https://visualcollections.ub.uni-mainz.de/histbuch/content/pageview/,454852,https://visualcollections.ub.uni-mainz.de/histbuch/content/pageview/454852
Villingen,691,0,https://visualcollections.ub.uni-mainz.de/histbuch/content/pageview/,454852,https://visualcollections.ub.uni-mainz.de/histbuch/content/pageview/454852
Vockerode,693,0,https://visualcollections.ub.uni-mainz.de/histbuch/content/pageview/,454854,https://visualcollections.ub.uni-mainz.de/histbuch/content/pageview/454854
Volklingen,693,0,https://visualcollections.ub.uni-mainz.de/histbuch/content/pageview/,454854,https://visualcollections.ub.uni-mainz.de/histbuch/content/pageview/454854
Walchensee,694,0,https://visualcollections.ub.uni-mainz.de/histbuch/content/pageview/,454856,https://visualcollections.ub.uni-mainz.de/histbuch/content/pageview/454856
Waldeck,694,0,https://visualcollections.ub.uni-mainz.de/histbuch/content/pageview/,454856,https://visualcollections.ub.uni-mainz.de/histbuch/content/pageview/454856
Waldenburg,695,0,https://visualcollections.ub.uni-mainz.de/histbuch/content/pageview/,454857,https://visualcollections.ub.uni-mainz.de/histbuch/content/pageview/454857
Waldshut,697,0,https://visualcollections.ub.uni-mainz.de/histbuch/content/pageview/,454859,https://visualcollections.ub.uni-mainz.de/histbuch/content/pageview/454859
Walsrode,700,0,https://visualcollections.ub.uni-mainz.de/histbuch/content/pageview/,454862,https://visualcollections.ub.uni-mainz.de/histbuch/content/pageview/454862
Waltershausen,701,0,https://visualcollections.ub.uni-mainz.de/histbuch/content/pageview/,454863,https://visualcollections.ub.uni-mainz.de/histbuch/content/pageview/454863
Wanne-Eickel,701,0,https://visualcollections.ub.uni-mainz.de/histbuch/content/pageview/,454863,https://visualcollections.ub.uni-mainz.de/histbuch/content/pageview/454863
Waren,704,0,https://visualcollections.ub.uni-mainz.de/histbuch/content/pageview/,454866,https://visualcollections.ub.uni-mainz.de/histbuch/content/pageview/454866
Warenmünde,704,0,https://visualcollections.ub.uni-mainz.de/histbuch/content/pageview/,454866,https://visualcollections.ub.uni-mainz.de/histbuch/content/pageview/454866
Wasseralfingen,705,0,https://visualcollections.ub.uni-mainz.de/histbuch/content/pageview/,454867,https://visualcollections.ub.uni-mainz.de/histbuch/content/pageview/454867
Wattenscheid,705,0,https://visualcollections.ub.uni-mainz.de/histbuch/content/pageview/,454867,https://visualcollections.ub.uni-mainz.de/histbuch/content/pageview/454867
Weida,706,0,https://visualcollections.ub.uni-mainz.de/histbuch/content/pageview/,454868,https://visualcollections.ub.uni-mainz.de/histbuch/content/pageview/454868
Weiden,707,0,https://visualcollections.ub.uni-mainz.de/histbuch/content/pageview/,454869,https://visualcollections.ub.uni-mainz.de/histbuch/content/pageview/454869
Weimar,707,0,https://visualcollections.ub.uni-mainz.de/histbuch/content/pageview/,454869,https://visualcollections.ub.uni-mainz.de/histbuch/content/pageview/454869
Weinheim,709,0,https://visualcollections.ub.uni-mainz.de/histbuch/content/pageview/,454871,https://visualcollections.ub.uni-mainz.de/histbuch/content/pageview/454871
Weissenfels,709,0,https://visualcollections.ub.uni-mainz.de/histbuch/content/pageview/,454871,https://visualcollections.ub.uni-mainz.de/histbuch/content/pageview/454871
Weissig,711,0,https://visualcollections.ub.uni-mainz.de/histbuch/content/pageview/,454873,https://visualcollections.ub.uni-mainz.de/histbuch/content/pageview/454873
Weisstein,712,0,https://visualcollections.ub.uni-mainz.de/histbuch/content/pageview/,454874,https://visualcollections.ub.uni-mainz.de/histbuch/content/pageview/454874
Wenzendorf,712,0,https://visualcollections.ub.uni-mainz.de/histbuch/content/pageview/,454874,https://visualcollections.ub.uni-mainz.de/histbuch/content/pageview/454874
Werdau,712,0,https://visualcollections.ub.uni-mainz.de/histbuch/content/pageview/,454874,https://visualcollections.ub.uni-mainz.de/histbuch/content/pageview/454874
Werder,714,0,https://visualcollections.ub.uni-mainz.de/histbuch/content/pageview/,454876,https://visualcollections.ub.uni-mainz.de/histbuch/content/pageview/454876
Werdohl,714,0,https://visualcollections.ub.uni-mainz.de/histbuch/content/pageview/,454876,https://visualcollections.ub.uni-mainz.de/histbuch/content/pageview/454876
Wernigerode,715,0,https://visualcollections.ub.uni-mainz.de/histbuch/content/pageview/,454877,https://visualcollections.ub.uni-mainz.de/histbuch/content/pageview/454877
Wertheim,716,0,https://visualcollections.ub.uni-mainz.de/histbuch/content/pageview/,454878,https://visualcollections.ub.uni-mainz.de/histbuch/content/pageview/454878
Wesel,716,0,https://visualcollections.ub.uni-mainz.de/histbuch/content/pageview/,454878,https://visualcollections.ub.uni-mainz.de/histbuch/content/pageview/454878
Wesseling,717,0,https://visualcollections.ub.uni-mainz.de/histbuch/content/pageview/,454879,https://visualcollections.ub.uni-mainz.de/histbuch/content/pageview/454879
Westerland,718,0,https://visualcollections.ub.uni-mainz.de/histbuch/content/pageview/,454880,https://visualcollections.ub.uni-mainz.de/histbuch/content/pageview/454880
Wetzlar,718,0,https://visualcollections.ub.uni-mainz.de/histbuch/content/pageview/,454880,https://visualcollections.ub.uni-mainz.de/histbuch/content/pageview/454880
Wiesbaden,721,0,https://visualcollections.ub.uni-mainz.de/histbuch/content/pageview/,454883,https://visualcollections.ub.uni-mainz.de/histbuch/content/pageview/454883
Wildflecken,723,0,https://visualcollections.ub.uni-mainz.de/histbuch/content/pageview/,454885,https://visualcollections.ub.uni-mainz.de/histbuch/content/pageview/454885
Wilhelmshaven,724,0,https://visualcollections.ub.uni-mainz.de/histbuch/content/pageview/,454886,https://visualcollections.ub.uni-mainz.de/histbuch/content/pageview/454886
Wismar,726,0,https://visualcollections.ub.uni-mainz.de/histbuch/content/pageview/,454888,https://visualcollections.ub.uni-mainz.de/histbuch/content/pageview/454888
Witten,728,0,https://visualcollections.ub.uni-mainz.de/histbuch/content/pageview/,454890,https://visualcollections.ub.uni-mainz.de/histbuch/content/pageview/454890
Wittenberg,732,0,https://visualcollections.ub.uni-mainz.de/histbuch/content/pageview/,454894,https://visualcollections.ub.uni-mainz.de/histbuch/content/pageview/454894
Wittenberge,733,0,https://visualcollections.ub.uni-mainz.de/histbuch/content/pageview/,454895,https://visualcollections.ub.uni-mainz.de/histbuch/content/pageview/454895
Wolfenhüttel,734,0,https://visualcollections.ub.uni-mainz.de/histbuch/content/pageview/,454896,https://visualcollections.ub.uni-mainz.de/histbuch/content/pageview/454896
Wolfratshausen,735,0,https://visualcollections.ub.uni-mainz.de/histbuch/content/pageview/,454897,https://visualcollections.ub.uni-mainz.de/histbuch/content/pageview/454897
Wolfratshausen,487,0,https://visualcollections.ub.uni-mainz.de/histbuch/content/pageview/,454649,https://visualcollections.ub.uni-mainz.de/histbuch/content/pageview/454649
Woltershausen,701,0,https://visualcollections.ub.uni-mainz.de/histbuch/content/pageview/,454863,https://visualcollections.ub.uni-mainz.de/histbuch/content/pageview/454863
Worms,736,0,https://visualcollections.ub.uni-mainz.de/histbuch/content/pageview/,454898,https://visualcollections.ub.uni-mainz.de/histbuch/content/pageview/454898
Würzburg,742,0,https://visualcollections.ub.uni-mainz.de/histbuch/content/pageview/,454904,https://visualcollections.ub.uni-mainz.de/histbuch/content/pageview/454904
Wuppertal,737,0,https://visualcollections.ub.uni-mainz.de/histbuch/content/pageview/,454899,https://visualcollections.ub.uni-mainz.de/histbuch/content/pageview/454899
Wurzen,745,0,https://visualcollections.ub.uni-mainz.de/histbuch/content/pageview/,454907,https://visualcollections.ub.uni-mainz.de/histbuch/content/pageview/454907
Wustermark,746,0,https://visualcollections.ub.uni-mainz.de/histbuch/content/pageview/,454908,https://visualcollections.ub.uni-mainz.de/histbuch/content/pageview/454908
Wyhlen,747,0,https://visualcollections.ub.uni-mainz.de/histbuch/content/pageview/,454909,https://visualcollections.ub.uni-mainz.de/histbuch/content/pageview/454909
Zeitz,748,0,https://visualcollections.ub.uni-mainz.de/histbuch/content/pageview/,454910,https://visualcollections.ub.uni-mainz.de/histbuch/content/pageview/454910
Zella-Mehlis,749,0,https://visualcollections.ub.uni-mainz.de/histbuch/content/pageview/,454911,https://visualcollections.ub.uni-mainz.de/histbuch/content/pageview/454911
Zeulenroda,751,0,https://visualcollections.ub.uni-mainz.de/histbuch/content/pageview/,454913,https://visualcollections.ub.uni-mainz.de/histbuch/content/pageview/454913
Zittau,752,0,https://visualcollections.ub.uni-mainz.de/histbuch/content/pageview/,454914,https://visualcollections.ub.uni-mainz.de/histbuch/content/pageview/454914
Zoppot,754,0,https://visualcollections.ub.uni-mainz.de/histbuch/content/pageview/,454916,https://visualcollections.ub.uni-mainz.de/histbuch/content/pageview/454916
Zschopau,754,0,https://visualcollections.ub.uni-mainz.de/histbuch/content/pageview/,454916,https://visualcollections.ub.uni-mainz.de/histbuch/content/pageview/454916
Zweibrucken,754,0,https://visualcollections.ub.uni-mainz.de/histbuch/content/pageview/,454916,https://visualcollections.ub.uni-mainz.de/histbuch/content/pageview/454916
Zwickau,755,0,https://visualcollections.ub.uni-mainz.de/histbuch/content/pageview/,454917,https://visualcollections.ub.uni-mainz.de/histbuch/content/pageview/454917